Folder,Subfolder,Filename,EntryIndex,Raw Transcription
2024 Field Notes Images Pt 2,J1 - Survival,IMG_2583.HEIC,1,No entries found
2024 Field Notes Images Pt 2,J1 - Survival,IMG_2565.HEIC,1,"Q1: 39 | Q2: Male | Q3: Between The bay and The mountains, California, U.S.A. | Q4: 1st time | Q5: water | Q6: Old condoms | Q7: Mairbe 1.Suedes | Q8: We all shere brought supplies and personal energy/trey Thr"
2024 Field Notes Images Pt 2,J1 - Survival,IMG_2572.HEIC,1,Q1: 36 | Q2: Femaile | Q3: Genera | Q4: 8! | Q5: Socks! | Q6: deep fryer | Q7: 20 days | Q8: to feel community'
2024 Field Notes Images Pt 2,J1 - Survival,IMG_2572.HEIC,2,Q1: 18 | Q2: Male | Q3: New York City | Q4: [Illegible] | Q5: Salar Lamp/wizard hat | Q6: Pondering orb (crystal Ball) | Q7: Lodays | Q8: Pie at 3:14 everzuuy and water
2024 Field Notes Images Pt 2,J1 - Survival,IMG_2558.HEIC,1,Q1: 37 | Q2: Male | Q3: SEATTLE | Q4: 3 | Q5: WET WIPES | Q6: AQUA PHOR | Q7: 8 | Q8: Thoughts and prayers
2024 Field Notes Images Pt 2,J1 - Survival,IMG_2558.HEIC,2,Q1: 34 | Q2: F | Q3: SF | Q4: first | Q5: bicycle | Q6: tea tree oil | Q7: one week | Q8: family
2024 Field Notes Images Pt 2,J1 - Survival,IMG_2558.HEIC,3,"Q1: 27 | Q2: Laly | Q3: State live, NV | Q4: 1st | Q5: Vape | Q6: W040 | Q7: Sorb days | Q8: Smiles Really"
2024 Field Notes Images Pt 2,J1 - Survival,IMG_2582.HEIC,1,Q1: I ate my | Q2: Fraternal twin | Q3: In the womb | Q4: After taking Acid | Q5: he speaks to me | Q6: -He's gay
2024 Field Notes Images Pt 2,J1 - Survival,IMG_2551.HEIC,1,"Q1: 38 years | Q2: female | Q3: Reno, NV | Q4: 2 times | Q5: water bottle | Q6: portable bidet | Q7: 14-20 days | Q8: accept help - meet your neighbors planning & participation"
2024 Field Notes Images Pt 2,J1 - Survival,IMG_2551.HEIC,2,"Q1: 53 years | Q2: Male | Q3: Vancouver, WA (near Portland Or) | Q4: 1ST Time | Q5: My Cup | Q6: My Cot | Q7: 2 Weeks + | Q8: friendship and Kindness"
2024 Field Notes Images Pt 2,J1 - Survival,IMG_2551.HEIC,3,Q1: 36 | Q2: M | Q3: U.S. | Q4: 6/7 | Q5: My bike | Q6: N/A | Q7: 30+ | Q8: Community/engagement
2024 Field Notes Images Pt 2,B1 - Symbolism,IMG_2447.HEIC,1,"Q1: 36 | Q2: F | Q3: CALGARY, AB, CANADA | Q4: 2 | Q5: THE OPPORTUNITY TO PLAY WITHIN THE PERCEPTION OF FREEDOM' | Q6: RELEASE, COLLECTIVE EFPER VESENCE | Q7: MEDITATIOW, MORNING,RELEASE REFLECTION. SHARED HONDURING"
2024 Field Notes Images Pt 2,B1 - Symbolism,IMG_2447.HEIC,2,Q1: 72 | Q2: F | Q3: Gambier Island BC | Q4: Virgin | Q5: It has! | Q6: The Man sambolizes rÃŸing up From ashes-return to dust | Q7: What lies beyond
2024 Field Notes Images Pt 2,J1 - Survival,IMG_2566.HEIC,1,"Q1: 71 | Q2: Female | Q3: Galena Forest-Rena-Ner | Q4: haven't missed one since, does Renegade | Q5: a working bike (or other means of personal transportation). | Q6: It's surprising what I don't bring - My Cochlear Implant Processor, The Playa would destroy it. | Q7: Two weeks (have a work access pass, fully stocked RV with generator | Q8: My Camp, my Comments, Emotional support/Friendship"
2024 Field Notes Images Pt 2,J1 - Survival,IMG_2566.HEIC,2,Q1: 39 | Q2: F | Q3: Pittsburgh PA | Q4: 1 | Q5: Car | Q6: Brail | Q7: 7 | Q8: Emotionally
2024 Field Notes Images Pt 2,J1 - Survival,IMG_2566.HEIC,3,"Q1: 47 | Q2: Male | Q3: FT LAUDERDALE | Q4: 2 | Q5: E Bike | Q6: PORTABLE URINAL FOR THAT LATE NIGHT PEE'S | Q7: 8 DAYS | Q8: camp meals, social events, support"
2024 Field Notes Images Pt 2,J1 - Survival,IMG_2573.HEIC,1,"Q1: 1-23 | Q2: Fevorde | Q3: Singapore | Q4: 1 | Q5: Dum mackard Sleeping kg. | Q6: Pee cup. | Q7: 1.5 weeks. | Q8: Communicate with them, make frende, help ead fler"
2024 Field Notes Images Pt 2,J1 - Survival,IMG_2573.HEIC,2,Q1: 36 | Q2: Mab | Q3: OAKIAND | Q4: 4-8 | Q5: TENT/CHAPSTICK | Q6: Bike chain lube | Q7: 8 | Q8: keeping me in a good mood
2024 Field Notes Images Pt 2,J1 - Survival,IMG_2573.HEIC,3,Q1: 59 | Q2: F | Q3: Mammoth Lakes CA | Q4: 3 | Q5: my camper w/thecmpybud | Q6: zelo gravity chair-car momit to shade a sleep in it | Q7: 12-14 | Q8: Camp helps everyone to setop a break down
2024 Field Notes Images Pt 2,J1 - Survival,IMG_2552.HEIC,1,"Q1: 29 | Q2: F | Q3: Reno Nu | Q4: 2 official, I renegade | Q5: Insulin | Q6: insulen | Q7: I week-ish | Q8: Hais year-help bringing in supplies wike water/ariiks/food for mare space in the car to bring my sister wime when I come out alone - SHADE"
2024 Field Notes Images Pt 2,J1 - Survival,IMG_2552.HEIC,2,"Q1: 43 | Q2: M | Q3: PARKER, AZ | Q4: SBURNS | Q5: MYOLD BIKE | Q6: OLD CHACK BAG FOR MOOR | Q7: PROBABLY ABOUT 30 | Q8: THERE IS A CONSISTENT PLOW of IDEAS AND TECHNIQUE REFINGHENT THAT ALMOST GUARANTEES ASTEADY Evolution"
2024 Field Notes Images Pt 2,J1 - Survival,IMG_2552.HEIC,3,Q1: 64 | Q2: male | Q3: Paloolt et | Q4: 5 times | Q5: water and cooking equipmen | Q6: Sand goggles for dust Storm respreistors. | Q7: 9 Days of supplies | Q8: community participation 13 why 7 come. mosl mportant!
2024 Field Notes Images Pt 2,B1 - Symbolism,IMG_2441.HEIC,1,No entries found
2024 Field Notes Images Pt 2,B1 - Symbolism,IMG_2451.HEIC,1,Q1: 33 | Q2: Male | Q3: SF LFG!!! | Q4: one | Q5: yeah it's fucking weird. cool to see ppl get up to weird shit. | Q6: not much | Q7: sad ðŸ˜ 
2024 Field Notes Images Pt 2,B1 - Symbolism,IMG_2451.HEIC,2,"Q1: 32 | Q2: M | Q3: Vancaver | Q4: I first born! | Q5: rewiriy the brain | Q6: a unifhy icon that builds and burns every yer, but for a speeneltine it reprgets home for all henens and how life could be better | Q7: Unbelievable collection of homen emestron"
2024 Field Notes Images Pt 2,B1 - Symbolism,IMG_2462.HEIC,1,"Q1: 68 | Q2: Male | Q3: Toronto Canada | Q4: 2 | Q5: No- Yes - No- Yes - No-Yes | Q6: 45 years married but come to Burning Man alone. | Q7: Easier, no stress"
2024 Field Notes Images Pt 2,B1 - Symbolism,IMG_2463.HEIC,1,"Q1: 38 | Q2: Female | Q3: Byron Bay, Australia | Q4: 2 | Q5: Yes. The Art. The kindness and gifting culture. The people. | Q6: I don't really think of it as a mind. More an experience to integrate. It is a great way to experience how to life could be if we all shared and practiced value, of respect and contribution. | Q7: The Temple is amazing. A space for people to grief and remember is very special. My favorite piece to Ida Burn."
2024 Field Notes Images Pt 2,B1 - Symbolism,IMG_2442.HEIC,1,Q1: [Blank] | Q2: F | Q3: RENO NU! | Q4: [Blank] | Q5: This is my 2nd official +1 Renegade | Q6: [Illegible] | Q7: [Illegible]
2024 Field Notes Images Pt 2,B1 - Symbolism,IMG_2442.HEIC,2,"Q1: 32 | Q2: M | Q3: ARGENTINA | Q4: 1ST TIME | Q5: YES, AMAZING EXP. | Q6: TO OPEN OUR ARMS | Q7: GLORY OF INTENSITY"
2024 Field Notes Images Pt 2,A1 - Transformation,IMG_3148.HEIC,1,Q1: Fuck yes | Q2: Hayf the ixo cuf | Q3: [Blank]
2024 Field Notes Images Pt 2,A1 - Transformation,IMG_3148.HEIC,2,Q1: NO | Q2: Breching trust hurting the the vulnerable | Q3: [Blank]
2024 Field Notes Images Pt 2,A1 - Transformation,IMG_3153.HEIC,1,"Q1: 47 | Q2: Male | Q3: Denver, Co | Q4: 5 | Q5: Yes. New Experience every year. | Q6: No | Q7:  â†‘ | Q8: Just a friendly reminder of how to be human. | Q9: My Playa family"
2024 Field Notes Images Pt 2,B1 - Symbolism,IMG_2469.HEIC,1,"Q1: 1.28 | Q2: female | Q3: Bend, Oregon | Q4: first time this year | Q5: I found it to be an expansive experience - Stretching the bounds of what I thought was possible | Q6: Impermanance - non-attachment But also art and performance for the joy and beauty of it | Q7: Honoring of the multiple parts of us. Burning man is silly and playful, but we also exist with grief and the temple is a place to hold that."
2024 Field Notes Images Pt 2,A1 - Transformation,IMG_3128.HEIC,1,"Q1: 22 | Q2: female | Q3: Bellingham, WA | Q4: first time! | Q5: yes, found new limits, I can meet So many people so easly here | Q6: No, but maybe? I was excited to look at art but I did not expect the crazy Connections | Q7: well its day & here for me (8/30) So I guss its been buildingand Im Sure months from now I'll know more about how Charged Iam | Q8: No | Q9: the Community,"
2024 Field Notes Images Pt 2,A1 - Transformation,IMG_3132.HEIC,1,"Q1: 48 | Q2: M | Q3: USA, CT | Q4: 2 | Q5: No A Little bit! | Q6: No | Q7: Gradual | Q8: Not much | Q9: Seeing the extreme diversity and creativity and collaboration"
2024 Field Notes Images Pt 2,A1 - Transformation,IMG_3132.HEIC,2,"Q8: tolorant | Q9: In simple terms, relates to why we are here and what is our purpose. To collaborate, create, explos samim plan and let so of attachme and unrequited expectatial I now treat lighte ar Know who I and what I want out of like! I honour God, Jeladk for life but re copnizelo we werent created We worship for Him. comect to Se uree for eur benefit!"
2024 Field Notes Images Pt 2,A1 - Transformation,IMG_3117.HEIC,1,No entries found
2024 Field Notes Images Pt 2,A1 - Transformation,IMG_3152.HEIC,1,"Q1: 38 | Q2: Female | Q3: Byron Bay, Australia | Q4: 2 - First one 7 years ago | Q5: I guess the first time yes. This time not really. I feel it's both amazing and wonderland, and also a big waste of money, energy. | Q6: No. I have already been. My intention was to connect deeply with my partner which I did. | Q7: N/A | Q8: Yes. It helps me become more trusting and lower any barriers, especially with white people. | Q9: It helps me open my heart more."
2024 Field Notes Images Pt 2,A1 - Transformation,IMG_3152.HEIC,2,Q1:  | Q2:  | Q3:  | Q4:  | Q5: Yes. see experience every year. | Q6: No | Q7: [Blank] | Q8:  | Q9:  
2024 Field Notes Images Pt 2,A1 - Transformation,IMG_3127.HEIC,1,"Q1: 40 | Q2: Female | Q3: San Francisco | Q4: 2 | Q5: Absolutely, gave me a playground for my mind & body - showed me that a beautiful world can exist | Q6: Didn't know, just knew some cool people | Q7: Graduel, took 6 months after my first burn to understand what happened | Q8: No | Q9: Yes, source of inspiration. Looking at the art while on LSD."
2024 Field Notes Images Pt 2,A1 - Transformation,IMG_3118.HEIC,1,"Q1: 55 | Q2: F | Q3: Toronto | Q4: 1 | Q5: Yes. Helped me learn many Powerful & beautiful techniques for self regulation. To feel valued. To refind/discover my feminine sexual attractiveness | Q6: Yes - I had Conducted a literature review before attending & found a # of papers with ""transformation"" & its derivatives repeated / so it was obviously a possibility for me! | Q7: Both. I felt it. | Q8: Feeling more accepting of my own weirdness & Celebrating in others | Q9: It's a long story, but I had a heartbreak. I left my yurt in the sunrise just to get outside. I had multiple interactions & encounters that became emblematic & techniques to try."
2024 Field Notes Images Pt 2,M1 - Sustainability,IMG_3365.HEIC,1,"Q1: 28 | Q2: FEMALE | Q3: SF, BAY AREA | Q4: 2ND BURN! (2023) | Q5: ABSOLUTLY, IT HAS HELPED ME SEE HUMANITY AT ITS PUREST FORM. | Q6: SELF-EXPRESSION ANTHING | Q7: PEACE, SOLITUDE, HUMBLENESS, REAL"
2024 Field Notes Images Pt 2,M1 - Sustainability,IMG_3353.HEIC,1,No entries found
2024 Field Notes Images Pt 2,A1 - Transformation,IMG_3137.HEIC,1,Q1: 28 | Q2: Female | Q3: Utah | Q4: first time ever! | Q5: yes... I feel different though I TOOK IN TH the middle of a Irans Sormation. | Q6: I had hoped my first big buon mold change me it's too long of wild not to | Q7: both somethings are dolerent now. Some s are boiling Somewhere inside | Q8: I haven't thought wich akat H. but I learned If I want something I need to go get it. no one odsewlll. | Q9: berry away from defalt world and rway from Coptre Avatepes. to nauiry to Lope
2024 Field Notes Images Pt 2,A1 - Transformation,IMG_3144.HEIC,1,"Q1: 41 | Q2: F | Q3: Australia, Byvan Bay | Q4: 1 | Q5: to early to selll, but I experienced crazy synchamsiry & playa magic that will be etched in my memanies favever. everytering. ashed for met same amazing peaple | Q6: yes, because of friends who home been fond trien entrout told me there lapenouces. I hope it | Q7: I feel aysen heaurea | Q8: not really, I was already curious with everyone."
2024 Field Notes Images Pt 2,A1 - Transformation,IMG_3144.HEIC,2,"Q1: 37 | Q2: F | Q3: Queenstown, New Zealand | Q4: 2 | Q5: YES! 100% â†’ The connections mode have completely shifted the trajectory of my life, and who I'm sharing it with, | Q6: I didnt expect it, but I'm not surpriced | Q7: Pretty sudden | Q8: No, but it gave me HOPE | Q9: The people the connections Burners RULE! | Q9: â†’9. Snecting peaple, playing, dancing, madly, the incredible playground of the playe. it felte line deather pikenet & I have never experienced auspring like it."
2024 Field Notes Images Pt 2,I2 - Relationships,IMG_3071.HEIC,1,No entries found
2024 Field Notes Images Pt 2,M1 - Sustainability,IMG_3373.HEIC,1,"Q1: 35-38 | Q2: tunale | Q3: Esenic | Q4: tinnt/12 | Q5: november 2023, our choises were mainly sustainability-wise, naively, but surely | Q6: evaporation band - gray waln doesn't have to be in plastic, it can i voponat. | Q7: Yes, better amp planning | Q8: yes, survival doesn't require being. Black wood City is a temporary city that can be und to test... | Q9: It's not about perception, it is about reality, mahing things batter | Q10: Yes, you experions the idea Labe s much as you can cerry - you vimally you have to take how much you hew and take back, nowhere to dump stuff"
2024 Field Notes Images Pt 2,A1 - Transformation,IMG_3131.HEIC,1,"Q1: 39 | Q2: Female | Q3: Fort Lauderdale, EL | Q4: First time! | Q5: I met my new power animal, embraced Sadness, released a few needed things and gained clarity on a few important life choices. | Q6: I tried to come in with few expectations, I was most excited to disconnect but turns out I just needed to careless/ care about different things. I don't need to go to the middle of the desert to disconnect | Q7: Over the course of 3 days & sessions | Q8: I am not sure yet but I will see once I'm back. I think most of the change was in me | Q9: Shaman dome sessions were very powerful. The Temple shook me to my core."
2024 Field Notes Images Pt 2,A1 - Transformation,IMG_3131.HEIC,2,"Q1: 32 | Q2: Male | Q3: Cape Town, South AfTica | Q4: 1st Time to Burning Man I have been to Afrikaburn 4 times!! | Q5: First Afrikaburn in 2019 put me on a new path. I feel more inspired, conscious and transformed due to the Burn's 10 principles. I no longer live a fear-based, lack mind set common in the due fault | Q6: No, I had no expectations apart from a fun festival | Q7: Gradual, fine tuned at each burn | Q8: Yes!! More open, curious and"
2024 Field Notes Images Pt 2,I2 - Relationships,IMG_3078.HEIC,1,"Q1: 54 | Q2: m | Q3: Costa Rica | Q4: 7 | Q5: Yes, many times, but not Romanticdly | Q6: Yes Married, had a renewal of vous. | Q7: no diffra"
2024 Field Notes Images Pt 2,C1 - Emotions,IMG_2410.HEIC,1,"Q1: 30 | Q2: F | Q3: SYDNEY AU | Q4: 1 | Q5: surprised, AMA&ED | Q6: SLEPING 3 HIS TO GET TO JUNSET WHICH WAS JUST Average Lol w Heavy sound on the background. | Q7: nothing, JUST HAPPY Feelings | Q8: optical illUSION"
2024 Field Notes Images Pt 2,I2 - Relationships,IMG_3073.HEIC,1,Q1: 36 | Q2: male | Q3: [Blank] | Q4: 2 | Q5: no | Q6: no | Q7: Similar world value. Burning Man Vaule
2024 Field Notes Images Pt 2,I2 - Relationships,IMG_3073.HEIC,2,Q1: 75 | Q2: â™‚ | Q3: 86305 | Q4: 2 | Q5: No | Q6: [Blank] | Q7: No
2024 Field Notes Images Pt 2,I2 - Relationships,IMG_3073.HEIC,3,Q1: 48 | Q2: Female | Q3: Florida | Q4: 4 | Q5: NO | Q6: yes | Q7: [Blank]
2024 Field Notes Images Pt 2,I2 - Relationships,IMG_3073.HEIC,4,"Q1: 36 | Q2: Male | Q3: Santa Clara, CA | Q4: 9 | Q5: no | Q6: Yes, recommend making sure both have chances to both follow plans & be spontaneous | Q7: They are not!"
2024 Field Notes Images Pt 2,C1 - Emotions,IMG_2400.HEIC,1,"Q1: 38 | Q2: F | Q3: Madera, CA | Q4: Once | Q5: Enchantment, Re-evaluation of tile-alter decisions | Q6: The irony of the universe if you pay attention | Q7: Reconnecting w/ my soulmate when I arrived at BM24 | Q8: How BM is like Neverland."
2024 Field Notes Images Pt 2,C1 - Emotions,IMG_2431.HEIC,1,"Q1: 43 | Q2: M | Q3: SF, USA | Q4: 13 | Q5: Joy, Sadness, Connection, lonelmess, happiness | Q6: Seeing an old friend | Q7: The temple | Q8: Dancing at sunrise"
2024 Field Notes Images Pt 2,C1 - Emotions,IMG_2431.HEIC,2,"Q1: 35 | Q2: Female | Q3: NYC | Q4: 1st time | Q5: Yes, awakening | Q6: Yes, the art was moving | Q7: Both, it's been a journey | Q8: Yes, more open & kind | Q9: Drugs, music, sunrise), naked payle"
2024 Field Notes Images Pt 2,I2 - Relationships,IMG_3081.HEIC,1,"Q1: 34 | Q2: F | Q3: Sacramento | Q4: 1 | Q5: Not yet | Q6: Yes, nice to have someone to figure it all out with | Q7: A tad more outgoing but still relatively reserved.. Menegemous"
2024 Field Notes Images Pt 2,I2 - Relationships,IMG_3081.HEIC,2,"Q1: 43 | Q2: male | Q3: Philippines | Q4: I've been hear before, 2011, 2016, 2023, 2024 | Q5: I met her 3 days ago, trying to fell in love... | Q6: in 2016, i was here with my gf of 4 yours, was our first orggy expirence, probably the start of the end of us. | Q7: on plaja, there is no date next weck, so every minute Counts more than the last."
2024 Field Notes Images Pt 2,C1 - Emotions,IMG_2411.HEIC,1,Q1: 34 | Q2: Female | Q3: Poland (originally Israeli | Q4: 2 | Q5: ALL OF THEM! every day | Q6: My Friends | Q7: The Nova Art installation (the tant) | Q8: An art instelation (can't remember the hand
2024 Field Notes Images Pt 2,C1 - Emotions,IMG_2411.HEIC,2,"Q1: 41 | Q2: Male | Q3: California - From Poland | Q4: It's my First Time | Q5: self-cxpressio, Fredon. aberatio of constroul of ida thinlay | Q6: My Girdie smile | Q7: Gualtitud | Q8: Forgo HIIII"
2024 Field Notes Images Pt 2,C1 - Emotions,IMG_2401.HEIC,1,"Q1: 51 | Q2: Female | Q3: Bay Area Califonia | Q4: 2 | Q5: Wonder/Arve, peace, opennen, frustration, love | Q6: [Blank] | Q7: Listening to a speaker al Conhal Camp telly his story - made my eyes lea up | Q8: The wastnen/greainen/ expansivnen of BM. The humanity"
2024 Field Notes Images Pt 2,C1 - Emotions,IMG_2421.HEIC,1,Q1: 38 | Q2: M | Q3: Pen Sparks IW | Q4: 4-5 | Q5: ALL Emotions/At the feel | Q6: My Wife | Q7: The Impact My Art Hason People | Q8: Sometimes I wonder if I'M Fulfilling enough for My Wife.
2024 Field Notes Images Pt 2,C1 - Emotions,IMG_2423.HEIC,1,"Q1: 38 years old | Q2: Female | Q3: Brooklyn, NYC | Q4: 5! | Q5: Connechans, memories, falling in love here | Q6: Rebirth | Q7: letting go!"
2024 Field Notes Images Pt 2,C1 - Emotions,IMG_2412.HEIC,1,Q1: 51 | Q2: map | Q3: San Jose CA | Q4: 1 | Q5: Freedom | Q6: Happy people | Q7: transion to internetless would | Q8: Playa
2024 Field Notes Images Pt 2,L3 - Beyond Black Rock City,3F9B560D-8DB2-4E25-B5D9-9279683100BF_1_105_c.jpeg,1,Q1: 67 | Q2: few | Q3: Sac | Q4: two | Q5: Yes | Q6: Yes | Q7: Ye
2024 Field Notes Images Pt 2,C1 - Emotions,IMG_2432.HEIC,1,"Q1: 34 | Q2: Female | Q3: Reno | Q4: 12 | Q5: All of them! Wonder. Compassion. Resilience. Love. Joy. Pride. Peace. | Q6: Family | Q7: Reflection, peace, Letting the fuck Go! moving on,"
2024 Field Notes Images Pt 2,L3 - Beyond Black Rock City,57E11074-AFE6-4A87-9C59-8BEFDF6AC80A_1_105_c.jpeg,1,Q1: 74! | Q2: 26th | Q3: approve | Q4: esp | Q5: be | Q6: Hi
2024 Field Notes Images Pt 2,C1 - Emotions,IMG_2424.HEIC,1,"Q1: 32 | Q2: Female | Q3: Lake Tahoe | Q4: 2 | Q5: Love, awe, amazement overwhelm, tired | Q6: Burlesque Show | Q7: Love! so in love! | Q8: riding bike, frog art, group massage room"
2024 Field Notes Images Pt 2,L3 - Beyond Black Rock City,B704C5BD-81DC-4F99-924A-984A0979504C_1_105_c.jpeg,1,No entries found
2024 Field Notes Images Pt 2,L3 - Beyond Black Rock City,A81B90BE-5A9E-4DE8-BC48-C197A4F4BA61_1_105_c.jpeg,1,"Q1: 36 | Q2: Female | Q3: Oregon, USA | Q4: 15 | Q5: Yes, I Burn with family | Q6: Yes, Ceave No Trace! Self Reliance | Q7: Yes, changed thoughts + ideas, Speach (more They Them) and openess to others."
2024 Field Notes Images Pt 2,L3 - Beyond Black Rock City,7E4E9EDE-9A1C-4EAB-B893-4E4471E14328_1_105_c.jpeg,1,"Q1: 33 | Q2: Female | Q3: SF, CA | Q4: [Blank] | Q5: 5!"
2024 Field Notes Images Pt 2,L3 - Beyond Black Rock City,7E4E9EDE-9A1C-4EAB-B893-4E4471E14328_1_105_c.jpeg,2,"Q1: 4. [Blank] | Q2: B [Blank] | Q3: In [Blank] | Q4: 2, [Blank] | Q5: [Illegible]"
2024 Field Notes Images Pt 2,L3 - Beyond Black Rock City,F96534D5-2F27-4C33-A88D-8AAFD253AE22_1_105_c.jpeg,1,"Q1: 74! | Q2: M | Q3: SFO | Q4: 26th TIMER | Q5: appreciate the NOW | Q6: esp. leave no trace | Q7: be open to all !!! | Q8: Hi, Hello"
2024 Field Notes Images Pt 2,L3 - Beyond Black Rock City,03AA9466-85A5-424F-9ABF-A8E9E3F34A20_1_105_c.jpeg,1,Q1: 25 | Q2: Male | Q3: San Diego | Q4: 1 | Q5: Nothing! | Q6: Love and kindness
2024 Field Notes Images Pt 2,L3 - Beyond Black Rock City,03AA9466-85A5-424F-9ABF-A8E9E3F34A20_1_105_c.jpeg,2,"Q1: 62 | Q2: MALE | Q3: PACIFIC NORTHWEST | Q4: 10 | Q5: THE 10 PRINCIPLES AND THE 4 AGREEMENTS FORM THE FOUNDATION FOR THE IDEALS/FOUNDATION FOR HOW I TRY TO LIVE MY LIFE | Q6: YES, SEE #5"
2024 Field Notes Images Pt 2,L3 - Beyond Black Rock City,03AA9466-85A5-424F-9ABF-A8E9E3F34A20_1_105_c.jpeg,3,"Q1:  | Q2:  | Q3:  | Q4:  | Q5:  | Q6: YES, AGAIN SEE #5"
2024 Field Notes Images Pt 2,L3 - Beyond Black Rock City,BD2B0BD5-F2F6-4FF0-B0D9-2CEE639C6403_1_105_c.jpeg,1,No entries found
2024 Field Notes Images Pt 2,L3 - Beyond Black Rock City,1475B556-10AE-4E81-A2DE-4A5EAD3D8D15_1_105_c.jpeg,1,No entries found
2024 Field Notes Images Pt 2,L3 - Beyond Black Rock City,FE584F62-6688-4D56-8D9D-A2E4872C40DC_1_105_c.jpeg,1,Q1: 31 | Q2: Female | Q3: Los Go | Q4: First | Q5: Dance | Q6: Yes -One | Q7: GOOD | Q8: Yes
2024 Field Notes Images Pt 2,J3 - Survival,IMG_2923.HEIC,1,No entries found
2024 Field Notes Images Pt 2,L3 - Beyond Black Rock City,D9872F0E-B4AA-4E3C-A034-354E3DD9C43F_1_105_c.jpeg,1,Q1: 33 | Q2: Male | Q3: 6.45/C | Q4: Virgin | Q5: Drone show Equipment 100/drones | Q6: Myself | Q7: 1 month | Q8: Independent
2024 Field Notes Images Pt 2,L3 - Beyond Black Rock City,D9872F0E-B4AA-4E3C-A034-354E3DD9C43F_1_105_c.jpeg,2,"Q1: 27 | Q2: female | Q3: Los Angeles | Q4: 1! | Q5: Stepping away from work when I otherwise wouldn't. | Q6: De commodification - I try to avoid unnecessary purchases, trade & thrift used items, share across friend's/community | Q7: Don't know yet!"
2024 Field Notes Images Pt 2,J3 - Survival,IMG_2922.HEIC,1,Q1: 30 | Q2: Male | Q3: San Jose CA | Q4: One | Q5: Water | Q6: Blanket hoodie | Q7: 7 | Q8: Comradarie .
2024 Field Notes Images Pt 2,J3 - Survival,IMG_2898.HEIC,1,Q1: 46 | Q2: MALE | Q3: ARIZONA | Q4: 5TH TIME HELLINA! | Q5: YES MORE CONNECTED WITH SELF & OTHERS | Q6: IMMEDIACY | Q7: YES SELF REFLECTION CAN ONLY WAKE YOU BETTER
2024 Field Notes Images Pt 2,J3 - Survival,IMG_2898.HEIC,2,"Q1: 60! | Q2: M | Q3: Engine, OR | Q4: 8 | Q5: Shower | Q6: See thru pants | Q7: 30 | Q8: conversation"
2024 Field Notes Images Pt 2,J3 - Survival,IMG_2932.HEIC,1,"Q1: 32. | Q2: Female | Q3: San Francisco. | Q4: 6th Burn. | Q5: Electrolytes (liquid & mix) | Q6: Pee jar for inside tent | Q7: 2-3 weeks | Q8: Could not be here solo,... my group of 5 friends fucking crushes it. we all have our roles and help each other survive & Thrive everyday "
2024 Field Notes Images Pt 2,J3 - Survival,IMG_2933.HEIC,1,"Q1: 46 | Q2: M | Q3: Los Angeles, CA | Q4: 9 | Q5: Art Car | Q6: reticular saw | Q7: 11-12 days | Q8: Ask"
2024 Field Notes Images Pt 2,J3 - Survival,IMG_2913.HEIC,1,Q1: 32 | Q2: Female | Q3: Gerwony | Q4: 1 | Q5: Sky googles / Toilette paper | Q6: Rosewater spray | Q7: 20 days | Q8: Camp Prep Organisation. -as a virgin burner they helped me alot with tipps on Prepping befor the bon :)
2024 Field Notes Images Pt 2,J3 - Survival,IMG_2913.HEIC,2,"Q1: 64 | Q2: M | Q3: Forestville, CA | Q4: 11 | Q5: Impact Driver | Q6: Leather Hat | Q7: 21 | Q8: Emotional Support"
2024 Field Notes Images Pt 2,J3 - Survival,IMG_2905.HEIC,1,Q1: 60 | Q2: Female | Q3: Colorado | Q4: 3 | Q5: good attitude | Q6: [Blank] | Q7: 15? always bring too much food! | Q8: Hugs
2024 Field Notes Images Pt 2,J3 - Survival,IMG_2905.HEIC,2,"Q1: 38 | Q2: Male | Q3: Home less | Q4: 3 | Q5: Yes | Q6: recycleing, solar on my van Cans | Q7: yes - help people with solar | Q8: yes - for self reliance | Q9: no - no one cares | Q10: Yes"
2024 Field Notes Images Pt 2,J3 - Survival,IMG_2906.HEIC,1,"Q1: 37 | Q2: Female | Q3: Madrid, Spain | Q4: one!! | Q5: Boots | Q6: Lava rock just sot a lied few days before I got it from Frelad | Q7: 2 weeks (hotel) | Q8: They give Shade and water so I'd Say pretty much!!"
2024 Field Notes Images Pt 2,J3 - Survival,IMG_2906.HEIC,2,"Q1: 33 | Q2: male | Q3: full-time nomad in USA | Q4: 3 | Q5: My Camper van, Self-built | Q6: In 2023, I brought Starlink for emergencies only. Then the rain happened! | Q7: Weeks | Q8: unsure. I pride myself on Self-reliance. I coually try to help others Survive."
2024 Field Notes Images Pt 2,F2 - Costumes,IMG_2600.HEIC,1,"Q1: 35 | Q2: F | Q3: Seattle, WA | Q4: 4 | Q5: 100% because it is fon and I feel cute | Q6: If there is an event with a theme then I plan, otherwise it is spontaneous | Q7: Not really unless I get a compliment. I just make sure that I am comfortable in what I wear"
2024 Field Notes Images Pt 2,F2 - Costumes,IMG_2605.HEIC,1,Q1: 18 | Q2: M | Q3: [Blank]
2024 Field Notes Images Pt 2,F2 - Costumes,IMG_2605.HEIC,2,Q1: 36 | Q2: [Blank] | Q3: [Blank]
2024 Field Notes Images Pt 2,J3 - Survival,IMG_2910.HEIC,1,Q1: 29 | Q2: they/she/it | Q3: MA | Q4: 2 | Q5: Cyber goth raver | Q6: yes I let my natural hair color grow gut after 10 years of dying it near colors for a job that I'm not attached to. | Q7: I am home and finally accepted for me nothing else. | Q8: I Just acted like my true Self.
2024 Field Notes Images Pt 2,J3 - Survival,IMG_2910.HEIC,2,"Q1: 39 | Q2: M | Q3: PORTLAND, OR | Q4: 3 | Q5: WATER BOTTLE | Q6: A SPONGE BATH SETUP TO STAY FRESH (ISH) | Q7: 20 | Q8: BE POSETIVE"
2024 Field Notes Images Pt 2,F2 - Costumes,IMG_2599.HEIC,1,"Q1: 39 | Q2: M | Q3: Los Angeles | Q4: First! | Q5: Not necessarily cos-play. More about comfort, colors, Self-expression and some esthetics. Being simple and showing my true colors is key. | Q6: Less planning, more spontaneous. | Q7: Depends on others' perceptions. I don't judge ppl based on their (TRY NOT TO) clothing or lack thereof."
2024 Field Notes Images Pt 2,F2 - Costumes,IMG_2585.HEIC,1,"Q1: 30 | Q2: F | Q3: Toronto, ON Canada | Q4: 4 | Q5: Yes - costumes are a way I radically express myself. | Q6: I plan outfits for me to choose each day at the burn. I follow whk Wednesday, tutu Tuesday. and any camp outfit days. The not I like to have warm /cool weathe options w/ colour schemes. | Q7: Yes - if I'm comfortable in my oat fit, I am mare comfortable in interactions."
2024 Field Notes Images Pt 2,C3 - Emotions,IMG_2637.HEIC,1,"Q1: 43 | Q2: M | Q3: MILINGIMBI, AUSTRALIA | Q4: 2 | Q5: JOY, ANTICIPATION | Q6: FINDING A FREIND | HADN'T SEEN ALL WEEK | Q7: SHARING STORIES OF LOSS | Q8: OPTIMISM IN HUMANITY"
2024 Field Notes Images Pt 2,C3 - Emotions,IMG_2637.HEIC,2,"Q1: 36 TODAY | Q2: MALE | Q3: PARIS, FRANCE | Q4: 2 | Q5: YES TEACHES ME CUMOSITY | AND OPEN MINDNEFEREN | Q6: IDK AND IDC | Q7: CACHARSIS"
2024 Field Notes Images Pt 2,C3 - Emotions,IMG_2636.HEIC,1,Q1: 37 | Q2: M | Q3: Denver Co | Q4: 5 | Q5: PRIDE. PATRIOTISM. Reflection | Q6: A GAL Surfing On A GUYS BACK | Q7: Seeing YounG KIDS AT Burning wan Gave me teers of Sof | Q8: The moon LAST NIGHT
2024 Field Notes Images Pt 2,C3 - Emotions,IMG_2635.HEIC,1,"Q1: 16 | Q2: Male | Q3: Colorado, USA | Q4: 1 (including this time) | Q5: All of em | Q6: Dick and Balls | Q7: Lack of Pussy | Q8: The People"
2024 Field Notes Images Pt 2,C3 - Emotions,IMG_2635.HEIC,2,"Q1: 37 | Q2: M | Q3: Nowhere Digital Nomad | Q4: 7 | Q5: Survival | Q6: I couldn't read clock: ETIM | Q7: TBD | Q8: Wondering why so many, people hoked"
2024 Field Notes Images Pt 2,C3 - Emotions,IMG_2662.HEIC,1,"Q1: 30 | Q2: F | Q3: Paris France | Q4: 1 | Q5: Calm - Joy - Full ownership of myself | Q6: Just saw a show with a butthole talking | Q7: ""Dear Dad"" camp | Q8: The playa of night"
2024 Field Notes Images Pt 2,C3 - Emotions,IMG_2662.HEIC,2,"Q1: 32 | Q2: M | Q3: Montreal | Q4: 1st | Q5: Stimulated - whelmed | Q6: Beautiful people | Q7: Not really | Q8: Nah, not really"
2024 Field Notes Images Pt 2,C3 - Emotions,IMG_2643.HEIC,1,Q1: 32 | Q2: male AF! | Q3: NS | Q4: 1st time! VIRGIN! | Q5: All of the above | Q6: LIFE... | Q7: pure happiness | Q8: people
2024 Field Notes Images Pt 2,C3 - Emotions,IMG_2644.HEIC,1,"Q1: 48 | Q2: Male | Q3: Denver, Co | Q4: 7 | Q5: All the emotions, fully! | Q6: Connecting with another Humer | Q7: I moved my oldest (Son) to college a few days rap. My heart is broken and I'm so excited for him and proud of tron | Q8: The ingenuity of these buiners!"
2024 Field Notes Images Pt 2,C3 - Emotions,IMG_2654.HEIC,1,"Q1: 34 | Q2: F | Q3: Vancouver, BC, Canada | Q4: 2 | Q5: Joy, glee, and disappointment, Sorrow, longing annoyance. | Q6: day is searty - fellow burner cheering with same mug. | Q7: jeviction, disappoint mont | Q8: our camp completing our stage with the new addition of a lit infinity. cube."
2024 Field Notes Images Pt 2,C3 - Emotions,IMG_2639.HEIC,1,"Q1: 39 | Q2: F | Q3: South Daytona, FL | Q4: 6 | Q5: Hapiness, Jay, Fesatty (naturally, sober) gratitude | Q6: the uriosity of this wonderland! the inside joker betover may best friend and l-new and old falontes | Q7: the joy of serendipitty that Burning Man provides ana brings awareness. | Q8: te grectors at our neighborhood camps - the invited us infor | Q9: Non-alcoholic options @ Heir bare and it brought me joy and wonder to Iparticipate while remsung Sober"
2024 Field Notes Images Pt 2,C3 - Emotions,IMG_2639.HEIC,2,Q1: 28 | Q2: F | Q3: Utah | Q4: 2 | Q5: All of them | Q6: Fist bumping | Q7: The Nova memorial Art | Q8: The playo
2024 Field Notes Images Pt 2,K3 - Diversity & Inclusion,IMG_7686.JPG,1,"Q1: 31 | Q2: Woman | Q3: [Blank] | Q4: 2nd time | Q5: absolutely! I navigate the world as a woman, Asian, daughter of immigrant | Q6: No, I have had the privelige to CENSUS | Q7: I'm sme it does but not fully aware of how | Q8: No Fuck that"
2024 Field Notes Images Pt 2,K3 - Diversity & Inclusion,IMG_7693.JPG,1,"Q1: 35 | Q2: Male | Q3: SF | Q4: [Blank] | Q5: Yes, I am very standard white | Q6: Yes, I cherry my dress to match friends and not stick out in som sittings. | Q7: Not so much yet! | Q8: No, but I certainly wish I brought more clothe options!"
2024 Field Notes Images Pt 2,K3 - Diversity & Inclusion,IMG_7693.JPG,2,Q1: 38 | Q2: Male | Q3: California bay area | Q4: this is my first! | Q5: [Blank] | Q6: [Blank] | Q7: [Blank] | Q8: [Blank]
2024 Field Notes Images Pt 2,K3 - Diversity & Inclusion,IMG_7692.JPG,1,"Q1: 24 | Q2: Female | Q3: Milwaukee, WI | Q4: [Illegible] | Q5: Yes, it's fun | Q6: Fun! | Q7: Sad"
2024 Field Notes Images Pt 2,K3 - Diversity & Inclusion,IMG_7692.JPG,2,"Q1: 40 | Q2: F | Q3: SF, CA | Q4: 11 | Q5: Sometimes. Where are you from? Where are you really | Q6: [Blank] | Q7: Much less. If anything there are positive reactions and calteractions"
2024 Field Notes Images Pt 2,K3 - Diversity & Inclusion,IMG_7685.JPG,1,No entries found
2024 Field Notes Images Pt 2,K3 - Diversity & Inclusion,IMG_7690.JPG,1,Q1: 48 | Q2: Female | Q3: S+A | Q4: 4 | Q5: Yes | Q6: probably yes | Q7: NO | Q8: just more outlandish
2024 Field Notes Images Pt 2,K3 - Diversity & Inclusion,IMG_7690.JPG,2,"Q1: 45 | Q2: F | Q3: [Illegible] | Q4: Just arrived | Q5: No | Q6: Expecting to dogge and to let go | Q7: Yes, un conditional & non monetary"
2024 Field Notes Images Pt 2,K3 - Diversity & Inclusion,IMG_7721.JPG,1,Q1: 34 | Q2: F | Q3: NY | Q4: 1 | Q5: No | Q6: No | Q7: Yes
2024 Field Notes Images Pt 2,K3 - Diversity & Inclusion,IMG_7708.JPG,1,Q1: 36 | Q2: Male | Q3: Minnesota | Q4: [Blank]
2024 Field Notes Images Pt 2,K3 - Diversity & Inclusion,IMG_7707.JPG,1,IDamnascus UA | May the power say stop thinking with my dick!
2024 Field Notes Images Pt 2,K3 - Diversity & Inclusion,IMG_7720.JPG,1,Q1: 32 | Q2: Female | Q3: Germany | Q4: 1 | Q5: 10 | Q6: 10 | Q7: 10 | Q8: 10
2024 Field Notes Images Pt 2,K3 - Diversity & Inclusion,IMG_7720.JPG,2,Q1: 1.43 | Q2: M | Q3: Germany | Q4: 2 | Q5: Yes -> Art | Q6: Diversity | Q7: Not romech | Q8: [Blank]
2024 Field Notes Images Pt 2,K3 - Diversity & Inclusion,IMG_7699.JPG,1,"Q1: 40 | Q2: Man | Q3: LONDON UK | Q4: Twice | Q5: Yes. My accent is a great gift fhd dlows me to disarmo people's prjudice because it is so particula and non identifiable (Maulation) accent | Q6: Someturns I cut ny havin n more appropriate way ""So thut it please my mother"" | Q7: See questions | Q8: Not supe"
2024 Field Notes Images Pt 2,B2 - Symbolism,IMG_2958.HEIC,1,Q1: 24 | Q2: Male | Q3: San Francisco | Q4: First time. | Q5: Yes! It is a wonderful experience in that I am able/comfortable to stop out of my comfort & grow! | Q6: It means to step out of you're comfort zone and really be you in a judgement free environment | Q7: I have not yet experienced the temple but now it is a sacred place to let things out.
2024 Field Notes Images Pt 2,B2 - Symbolism,IMG_2957.HEIC,1,No entries found
2024 Field Notes Images Pt 2,K3 - Diversity & Inclusion,IMG_7713.JPG,1,"Q1: 4 | Q2: MALE | Q3: BROOKLYN, NY | Q4: 7 | Q5: APPEARANCE AND CULTURAL IDENTITY TO A DEGREE, THE LATTER LESS SO, I THINK BECAUSE THE FAMILIARITY LOWERS INHIBITIONS. | Q6: MAYBE? I WEAR A LOT OF BLACK IN NEW YORK | Q7: I WEAR ALL RED AT THE BURN AND MY PLATANAME IS RED ROCKET SO 110% | Q8: I CONTINUE TO LEAN HARDER INTO THE RED"
2024 Field Notes Images Pt 2,K3 - Diversity & Inclusion,IMG_7697.JPG,1,"Q1: 30 | Q2: male | Q3: NYC | Q4: 3rd burn | Q5: I'm mixed Filipimo and unite Jewin. Ret'in abiti dark skinned but a mix of fectuer of both Jo I carse clot of people to ask ""Unotice"" Dalss grew up in cubanmiams which increases the confusion beoprocessery mannerisms and a slight Miami accent | Q6: I changed my accent to be broadcastrenglishand act a litiflenvie whitewashed. | Q7: I'm a bit young lovking as people don't take me as seriously. Don't think it's race related as age/ muscle but heing asian tends to cavethe baby face, Playa is only slightly better. | Q8: Hanent chan)ed anything additional. Dfanuthing, I fell people I'm from miami and show hol my accent used tobe."
2024 Field Notes Images Pt 2,K3 - Diversity & Inclusion,IMG_7697.JPG,2,"Q1: 39 | Q2: Fende | Q3: Texas (Houston) | Q4: 4time | Q5: yes, I'm Hispania, I have Weird hair, | Q6: yes, I Activdy pursue Apecsavar Apperence tit lets me work w/ Very conscendie folk's Braveing both dileng | Q7: Being A savant conventional Attractive feme feels it GRANTs both Privlexge Ssome. ned. Less the utsti HAZARD. | Q8: I have not interdeally due"
2024 Field Notes Images Pt 2,B2 - Symbolism,IMG_2965.HEIC,1,"Q1: 28 | Q2: Female | Q3: Los Angeles | Q4: 4 | Q5: Shakes up my sou and allows it to reform in a new way, each time Closer to my true self | Q6: It's a reminder of what is possible in day to day life | Q7: Our collective grief can be shared, we Can heal together. We all hurt in Some way it is a unifier"
2024 Field Notes Images Pt 2,B2 - Symbolism,IMG_2965.HEIC,2,"Q1: 35 | Q2: M | Q3: URUGUAY  | Q4: 1 (VIRGIN) | Q5: YES! I can't express how I am feeling right now. I am so so happy, amwed impressed, peaceful, contained and FREE!!! | Q6: LOVE | Q7: FAMILY"
2024 Field Notes Images Pt 2,K3 - Diversity & Inclusion,IMG_7714.JPG,1,"Q1: Meow | Q2: meow | Q3: your butt | Q4: [Blank] | Q5: Also, your butt | Q6: [Blank] | Q7: [Blank] | Q8: [Blank] | Q9: [Blank] | Q10: Meow"
2024 Field Notes Images Pt 2,K3 - Diversity & Inclusion,IMG_7714.JPG,2,"Q1: 1.67 | Q2: female | Q3: Sacramento, CA | Q4: two | Q5: Yes. I experience prin the intersectimality of ageism  Lism. I get offered help sexism. why I don't want wed it. I'm physically fit... it's erhausting!! | Q6: Yes, I shred my side of head t spiked the top puple-old white Guys"" now leave me alme t I now interact with more diver people-age, race, ethnicity, class, | Q7: Yes -in a positio way - people respond positivels to my energy. | Q8: No."
2024 Field Notes Images Pt 2,H1 - Experiences,IMG_3256.HEIC,1,"Q1: 50 | Q2: F | Q3: Amsterdam, The Netherlands | Q4: 3 | Q5: Not enough toilet paper at the porto's (toilets) at NIGHT. Hire a different onpan in 2025 | Q6: There's no other place Wee it in the world. It is Disney onstetoidn mad max, moon walk for adults. I'm ME HERE!!! | Q7: When was The Last Time You fond Love"
2024 Field Notes Images Pt 2,H1 - Experiences,IMG_3277.HEIC,1,Q1: [Blank] | Q2: F | Q3: Tennessee | Q4: 2 | Q5: plus + play golf carts E bikes | Q20: the people !â™¡
2024 Field Notes Images Pt 2,H1 - Experiences,IMG_3277.HEIC,2,Q4: 1! | Q5: hypocracy!!!
2024 Field Notes Images Pt 2,H1 - Experiences,IMG_3261.HEIC,1,"Q1: 36 years Young :) | Q2: NON-BINARY | Q3: Kumeyaay land, colonized as SAN DIEGO, CA | Q4: 1st Burn! | Q5: Hmm, I'm just lying my bast to discover my theat expression | Q6: My energy, the energy of the day. | Q7: Yes. It has an affect on how I am perceived"
2024 Field Notes Images Pt 2,H1 - Experiences,IMG_3252.HEIC,1,"Q1: 42 | Q2: Female | Q3: Alice Springs, Australia | Q4: 1 | Q5: Tiredness | Q6: Art Cars + wondformant."
2024 Field Notes Images Pt 2,H1 - Experiences,IMG_3252.HEIC,2,Q1: 34 | Q2: Female | Q3: Bay Area | Q4: FIRST TIMER | Q5: NO NEG EXPECTATIONS | Q6: GO WITH W/FLOW BE PRESENT
2024 Field Notes Images Pt 2,H1 - Experiences,IMG_3291.HEIC,1,Q1: 25 | Q2: Female | Q3: Glenwood Springs | Q4: 4 | Q5: Sometimes. The Anual hiphop bAll | Q6: Yes. Local Music events. | Q7: Great! | Q8: I like it more w/ friends
2024 Field Notes Images Pt 2,H1 - Experiences,IMG_3287.HEIC,1,"Q1: 55 yrs old | Q2: Male | Q3: Reno, NV | Q4: 12 times | Q5: Speedy & Bikes | Q6: Kindnem, humor, all the things... you Know..."
2024 Field Notes Images Pt 2,H1 - Experiences,IMG_3287.HEIC,2,"Q1: 30 years old. | Q2: Male | Q3: Chongqing, China | Q4: 2 times. | Q5: Dealing with shit people | Q6: Our friends & Communities."
2024 Field Notes Images Pt 2,H1 - Experiences,IMG_3269.HEIC,1,Q1: 108056 | Q2: NB | Q3: Tokyo for Eest techcity | Q4: Seven | Q5: May he last year... | Q6: Everything!! 
2024 Field Notes Images Pt 2,H1 - Experiences,IMG_3288.HEIC,1,"Q1: 45 | Q2: Male | Q3: Sweden / Spain | Q4: 4 | Q5: My mug | Q6: Colourful stuff | Q7: 14 | Q8: Because of my comunity, despite of being proposed to be a few days on playa; I'm confident to say I could be here for weeks. It's all more easy (emotionally and in practical terms too) when Camping with friends. Community is what keeps me coming back to BRC."
2024 Field Notes Images Pt 2,H1 - Experiences,IMG_3288.HEIC,2,"Q1: 36 | Q2: 7 | Q3: FRANCE | Q4: 2 | Q5: I waiting time to get in (and out) BRC | Q6: People, kindnes, weather (this year) organisation"
2024 Field Notes Images Pt 2,H1 - Experiences,IMG_3258.HEIC,1,"Q1: 35 | Q2: M | Q3: Ely, NV | Q4: 9 | Q5: self loveniless | Q6: Other people and art"
2024 Field Notes Images Pt 2,H1 - Experiences,IMG_3258.HEIC,2,Q1: 40 | Q2: F | Q3: Nomadic | Q4: 1 | Q5: No-don't own any | Q6: Already comfortable in my wardrobe options | Q7: Absolutely ! I like to look good :)
2024 Field Notes Images Pt 2,H1 - Experiences,IMG_3263.HEIC,1,Q1: 1-39 | Q2: Female | Q3: RENO! | Q4: 1st time â™¡ | Q5: The lack of being open to new experiences | Q6: Being open to anything
2024 Field Notes Images Pt 2,H1 - Experiences,IMG_3263.HEIC,2,"Q1: -26 | Q2: ALL GENDERS | Q3: SF, CA (VIA SINGAPORE) | Q4: 1! | Q5: RAIN, HOMOPHOBIA, RACISM, THEFT | Q6: LOVE, OPENNESS, ART, EXPLORATION, KINDNESS!"
2024 Field Notes Images Pt 2,G1 - Drinking & Smoking,IMG_2535.HEIC,1,"Q1: 42 | Q2: Male | Q3: Mani, HI | Q4: 2 times '23 $24 | Q5: yes | Q6: I drink Alchohol most days | Q7: Self expression/releasing inhabition | Q8: Smoking Marijuana Should never have been declared a Schedule I Narcotic legalization would be Freedom | Q9: I tend to drink less"
2024 Field Notes Images Pt 2,G1 - Drinking & Smoking,IMG_2524.HEIC,1,"Q1: 34 | Q2: F | Q3: SF | Q4: First | Q5: Yes | Q6: anything they put in my cup, & weed pen | Q7: different kind of sustenance | Q8: California baby! It's high quality + safe | Q9: enhancer"
2024 Field Notes Images Pt 2,G1 - Drinking & Smoking,IMG_2514.HEIC,1,"Q1: 51 | Q2: Female | Q3: Seattle, WA | Q4: Strimes | Q5: No, I lost a loved one to alcohol. | Q6: [Blank] | Q7: There is no amant of alcohol that dues not shorten lifespan. The occasion has to be very special and the environment very positive for me to love a drink. | Q8: Cannabis is legal where I live. It has not changed my habits - I don't enjoy cannabis. | Q9: Cannabis tends to put me to sleep. I have never combined it with other substances."
2024 Field Notes Images Pt 2,G1 - Drinking & Smoking,IMG_2514.HEIC,2,Q1: 29 | Q2: Male | Q3: Reno | Q4: 4 | Q5: Yes | Q6: Acohol- beer and wine - drink more thon default world. Lack of obligations causes you to drink more | Q7: ploy Irecrcasion. De-stresser. | Q8: already legal | Q9: No offert
2024 Field Notes Images Pt 2,G1 - Drinking & Smoking,IMG_2528.HEIC,1,"Q1: 33 | Q2: F | Q3: Reno, NV | Q4: 4 | Q5: Yes | Q6: Various beers/mixed drinks shots/seltzer, etc. More than D.W., but not higher volume? Every other day here, maybe? | Q7: Play/community socializing | Q8: Less beloveds in jail. Fucking legalize it already. | Q9: Not for me, love that it works for others!"
2024 Field Notes Images Pt 2,G1 - Drinking & Smoking,IMG_2520.HEIC,1,Q1: 33 | Q2: Male | Q3: NYC | Q4: 1 | Q5: Yes Alcohol
2024 Field Notes Images Pt 2,G1 - Drinking & Smoking,IMG_2529.HEIC,1,Q1: 70 | Q2: M | Q3: ID | Q4: 8 | Q5: Alcohol | Q6: Beer | Q7: about the same-social | Q8: Not a user-no chang | Q9: not a user
2024 Field Notes Images Pt 2,G1 - Drinking & Smoking,IMG_2529.HEIC,2,"Q1: 68 | Q2: Male | Q3: Gossburg, TN USA | Q4: 7 | Q5: Nope - atbalready grabbed by my darlin! | Q6: Well, I'm here this year + last year with my darlin, so yeah... | Q7: NA- we set along great"
2024 Field Notes Images Pt 2,G1 - Drinking & Smoking,IMG_2525.HEIC,1,Q1: 34 | Q2: Female | Q3: Amsterdam | Q4: 2 | Q5: yes | Q6: Gin Tonic | Q7: Uplifting my mood
2024 Field Notes Images Pt 2,G1 - Drinking & Smoking,IMG_2525.HEIC,2,Q1: 45F Phx Az USA virgin | Q2: [Blank] | Q3: [Blank] | Q4: [Blank] | Q5: no drinking or smoking. | Q6: N/A | Q7: unhealthy | Q8: N/A | Q9: I am on a cannabis break
2024 Field Notes Images Pt 2,G1 - Drinking & Smoking,IMG_2513.HEIC,1,"Q1: 34 | Q2: F | Q3: Vail, Colorado USA | Q4: 2 | Q5: Drink/8 | Q6: Not often | Q7: Play | Q8: Already legal - used to smoke don't anymore | Q9: No change"
2024 Field Notes Images Pt 2,G1 - Drinking & Smoking,IMG_2513.HEIC,2,Q1: 75 | Q2: â™‚ | Q3: 86305 | Q4: 2 | Q5: DRINK YES SMOKE NO | Q6: occasionally | Q7: relaxant | Q8: NO | Q9: No
2024 Field Notes Images Pt 2,G1 - Drinking & Smoking,IMG_2513.HEIC,3,Q1: 41 | Q2: M | Q3: 81201 | Q4: 5 | Q5: Drink | Q6: Beer. Default = 2 Sen/wk BM=14/wk | Q7: Recreation | Q8: They are legal in CO | Q9: No
2024 Field Notes Images Pt 2,M3 - Sustainability,IMG_7741.JPG,1,"Q1: [Illegible] | Q2: [Illegible] | Q3: [Illegible] | Q4: [Illegible] | Q5: Power | Q6: Yes Gray the for sho, solar | Q7: Yes, less plastic minimize waste | Q8: [Blank] | Q9: Couldn't hurt - Leaving starts with LEADERSHIP | Q10: BUILD ADVOCACY with embodied ACTION"
2024 Field Notes Images Pt 2,G1 - Drinking & Smoking,IMG_2540.HEIC,1,"Q1: 41 | Q2: F | Q3: Byron Bay Australia | Q4: 2 | Q5: no I dont drink really or smoke tobacco. I didnt want to be minganer & enjoy it want alcholo. | Q7:  | Q8: yes, because it is aperuing & transforming | Q9: feels great."
2024 Field Notes Images Pt 2,A3 - Transformation,IMG_2784.HEIC,1,No entries found
2024 Field Notes Images Pt 2,A3 - Transformation,IMG_2818.HEIC,1,"Q1: 32 | Q2: F | Q3: NYC | Q4: 2 | Q5: Yes, I found a way to appreciate & be polite to strangers & understand their unique story | Q6: Yes | Q7: No | Q8: #5 | Q9: #5"
2024 Field Notes Images Pt 2,A3 - Transformation,IMG_2811.HEIC,1,"Q1: 33 | Q2: Mile | Q3: Alameda CA | Q4: 4th time this year 2024 | Q5: It has opened my mind, made me realize I dislike plaza music, and also changed the trajectory of my Romantic life. | Q6: Somewhat, I didn't think it would have had a lastly impact in th default world. | Q7: Sudden change, especially my second burn. | Q8: It has made me more inclusive, accepting & reactive to others. | Q9: Open to others, less picky, made me realize who I want to be with. | Q10: I met someone at the burn that made me end my relationship with my significant other' outside, but that ended up fizzling out. It got me out of a relationship I was questioningly. Made me feel incredible joy and sadness. Roues & judge ment,"
2024 Field Notes Images Pt 2,A3 - Transformation,IMG_2797.HEIC,1,"Q1: 36 | Q2: F | Q3: Oakland | Q4: 12 | Q5: YES! Realizing I can have an impact on the people around me, through projects / connection Iplay | Q6: Not sure whout to have expected. I came w/ little knowledge and was in a place in life needing change and chances to take | Q7: Gradual. Over the years I've learned so much about myself through the extreme challenges. | Q8: Yes! More confidence to connect w/ all types of people | Q9: Having others Excited to work on projects w/ me. Very validating. I've used the burn as a platform to educate myself in a lot of leadership skills"
2024 Field Notes Images Pt 2,A3 - Transformation,IMG_2797.HEIC,2,Q1: 52 | Q2: Male | Q3: [Blank] | Q4: In a House | Q5: 8 | Q6: Yes I Dont Kom | Q7: Gradual. | Q8: Yes. | Q9: -
2024 Field Notes Images Pt 2,A3 - Transformation,IMG_2803.HEIC,1,"Q1: 34 | Q2: F | Q3: Berlin, Germany | Q4: x3 | Q5: Outfits rather, not really costumes more comfortable. I do Toho Tuesday though | Q6: I have like 5-6 sets and I rotate, favorite first. | Q7: Not really, but I have a crown that people approach me to fall about."
2024 Field Notes Images Pt 2,A3 - Transformation,IMG_2798.HEIC,1,Q1: [Blank] | Q2: 30 | Q3: M | Q4: ON TOUR | Q5: 4 | Q6: Not costumes pen Say | Q7: A Mir of compay/Antsy | Q8: Spontaneously | Q9: Not Necess will
2024 Field Notes Images Pt 2,D3 - Boundaries of Humanity,IMG_2852.HEIC,1,"Q1: 41 | Q2: M | Q3: Las Vegas NV | Q4: too | Q5: yes. it's an amazing break! escape fom all the arbitrary rules and Bs of Default | Q6: its acelebration of the ""self"" and a signifier to others that ""I'm one of you"" | Q7: vulnerability, resignation, acceptance"
2024 Field Notes Images Pt 2,A3 - Transformation,IMG_2810.HEIC,1,"Q1: 37 | Q2: m | Q3: SF | Q4: 2 | Q5: First bum, thursday 2023. I came in with every expectation & information, but I realized hat the reason people came here can't be put into words. I had a spiritual awareness don't with the right people. | Q6: No, I was open to everything, but didn't know hoss what I needed. | Q7: Sudden. It taught me community of the most important thing | Q8: Yes I'm more open and generous. In intentional with way people | Q9: the people | Q10: music | Q11: safety | Q12: many. People just laugh."
2024 Field Notes Images Pt 2,A3 - Transformation,IMG_2810.HEIC,2,"Q1: 53 | Q2: MALE | Q3: MCKINNEY, TX | Q4: FOUR (4) | Q5: YES. 2019 (FIRST BURN), OPENED MY CREATIVITY TO MORE ARTISTIC INTERESTS. | Q6: I WAS OPEN TO THE BORMADO MAN EXPERIENCE I HAD LEARNED ABOUT. ATTENDING THAT FIRST TIME WAS A CHANGING EXPERIENCE. | Q7: THE CHANGE WAS SUDDEN, IN A GOOD WAY. I WAS INSPIRED TO MAKE IMMEDIATE CHANGES TO MY PERSONAL AND PROFESSIONAL LIVES, FAMILY AND FRIENDS NOTICED POSITIVE CHANGES IN ME. | Q8: YES. I A MORE OPEN TO DIFFERENCES IN OTHERS AND IN A WEIRD WAY I AM MUCH LESS DEFENSIVE OF OTHERS CRITICISM ABOUT ME. (IN A GOOD WAY) | Q9: THE BIGGEST FACTORS THAT INFLUENCED MY EXPERIENCE ARE THE PEOPLE, THE GENERAL POSTIVE ATTITUDE (PLUS SOME SNARC) WAS REFRESHING. I'VE ALWAYS BEEN SURROUNDED BY PEOPLE LOOKING FOR A FISH, BM ARE ALL FISHERMEN!"
2024 Field Notes Images Pt 2,A3 - Transformation,IMG_2791.HEIC,1,"Q1: 67 | Q2: M | Q3: FRANCE | Q4: 1 | Q5: STILL TOO EARLY. BUT I WAS ALREADY IN ASTATE OF MIND/LIFE TO COME HERE. NO NEGATIVE SURPRISES, JUST GREAT. PROBABLY I SHOULD DO MORE COMMUNITY STUFF AND ART | Q6: NO. WILL SEE OVER THE YEAR | Q7: WILL SEE IN THE FUTURE | Q8: WILL SEE, HOPEFULLY | Q9: DISCONNECTION FROM DAILY LIFE"
2024 Field Notes Images Pt 2,A3 - Transformation,IMG_2791.HEIC,2,"Q1: 31 | Q2: Female | Q3: Texas, Austin | Q4: 10 | Q5: Yes, year 1 | Q6: No. I thought it was dipremet then it is. The Freedom here is unmatund | Q7: Both | Q8: yes. It makes me look at people as mone then their Status, Job, etc.. and under- tand we are all HUMAN | Q9: The open an accepting mindset"
2024 Field Notes Images Pt 2,A3 - Transformation,IMG_2802.HEIC,1,"Q1: 22 | Q2: F | Q3: Reno | Q4: 1 | Q5: Learning to be fully present & enjoy despite hardships | Q6: Possibly | Q7: Gradual | Q8: Mare acceptame | Q9: No cell service, artwork, great camp morses"
2024 Field Notes Images Pt 2,A3 - Transformation,IMG_2802.HEIC,2,"Q1: 42 | Q2: She/they | Q3: Sao Paulo, currently | Q4: 1st time )( | Q5: from the 1st time I heard of it about 15 yr ago, so yeah... a calling that changed me and now that I'm here, MAKES SO MUCH SENSE - I need time to ponder on how it has changed me because I'm still navigating my 1st BURN - BUT I feel home partying with you all... ""joy as an act of resistence"" in such a hurt luored | Q6: I knew smith was coming my way. Am still feeling like I said | Q7: Both. Into self love and forgiveness of traumas, felt 43"
2024 Field Notes Images Pt 2,H3 - Experiences,27A088F5-E367-46BE-9C57-C3B9BA468908_1_105_c.jpeg,1,No entries found
2024 Field Notes Images Pt 2,H3 - Experiences,0F652962-A07F-4F9F-86A4-EB549A39D61C_1_105_c.jpeg,1,No entries found
2024 Field Notes Images Pt 2,E2 - Singing & Dancing,IMG_3018.HEIC,1,"Q1: 19 years | Q2: Woman | Q3: Bay Area/Arcata | Q4: One | Q5: Whenever I can | Q6: Often-parties, concerts | Q7: The best | Q8: I like dancing alone and I love dancing with my girls (and boys)"
2024 Field Notes Images Pt 2,H3 - Experiences,1104E2E2-AE9F-4BD9-9216-718C09F4EBE0_1_105_c.jpeg,1,No entries found
2024 Field Notes Images Pt 2,E3 - Singing & Dancing,E19B4904-D7E6-4A32-8B6D-6CC9E7788AB0_1_105_c.jpeg,1,No entries found
2024 Field Notes Images Pt 2,H3 - Experiences,93D0260D-35B8-41CF-BA75-92D5C6566947_1_105_c.jpeg,1,No entries found
2024 Field Notes Images Pt 2,H3 - Experiences,6B5172C3-BBA2-468F-B529-20B6489D789E_1_105_c.jpeg,1,Q1: 63 | Q2: M | Q3: Apple | Q4: 4 | Q5: E by | Q6: Dave | Q7: use
2024 Field Notes Images Pt 2,E3 - Singing & Dancing,E36D5812-A0AC-4697-B465-546FC46C09D7_1_105_c.jpeg,1,"Q1: 2> | Q2: Male | Q3: Colorado | Q4: One | Q5: Lots of dancing, some singing | Q6: Some dancing, no singing | Q7: It makes me feel loose and energized, like you're a part of something bigger with everyone else on the dance floor | Q8: I feel a little more comfortable doing it around others I don't know"
2024 Field Notes Images Pt 2,E3 - Singing & Dancing,2CCDC8FF-E57E-41B6-80AB-09647EA9CB14_1_105_c.jpeg,1,No entries found
2024 Field Notes Images Pt 2,E3 - Singing & Dancing,30815F60-9ED5-4B7D-AE34-AD81BF67BC8A_1_105_c.jpeg,1,"Q1: 42 | Q2: She/they | Q3: Currently Sao Paulo / BR | Q4: One | Q5: Dance to all sorts of music. Emusic / Dark / chillout | Q6: as a body prayer, housmusic, dark / trance | Q7: Like a body prayer, psychedelic experience in itself. | Q8: Definitely more joyfull to do collectively but healing to do alone."
2024 Field Notes Images Pt 2,E3 - Singing & Dancing,7DDBBA51-9B5D-475F-9180-E10B42814DB5_1_105_c.jpeg,1,Q1: 41 | Q2: F | Q3: Canada | Q4: 13 | Q5: Fuck ya! | Q6: Yes. Olde tirey Jazz | Q7: Connected | Q8: Hard to say.
2024 Field Notes Images Pt 2,E3 - Singing & Dancing,5FA01B4E-1E8B-4C4E-87C7-D1B1B49BDF78_1_105_c.jpeg,1,"Q1: 32 | Q2: F | Q3: St Cou's | Q4: 4 | Q5: Evoy day!!! Dancing! | Q6: Yes, in my house + Karokel | Q7: Full of joy | Q8: No"
2024 Field Notes Images Pt 2,E3 - Singing & Dancing,E5354C0F-7092-42B5-8334-4476DA904417_1_105_c.jpeg,1,"Q1: 67 | Q2: M | Q3: FRANCE | Q4: 1 | Q5: NOT A LOT, BM MUSIC STYLE IS EXTREMELY MONOTONOUS, OF THE INTERNATIONAL BOUM-BOUM TYPE, EXCEPT SOME SOPHISTICATED DJS, THE ""MUSICAL"" QUALITY IS SOOD LOW. NOTHING, TO COMPARE WITH THE ART WORKS | Q6: HERE AND THERE, ALL KINDS, OF ROCK MUSIC, BLUES, SOME POP | Q7: DANCING IS A GREAT WAY OF SELF EXPRESSION AND BODY EXPERIENCE, COMPOSING MOVEMENT, | Q8: AND MUSIC IS SOOO LOUD. THE UNDERLYING ALL DAY BOUM-BOUM IS A SPECIAL FORM OF TERROR, YOU JUST CAN'T ESCAPE. IT RUINS PART OF ALL THE OTHER (GOOD) EXPERIENCES."
2024 Field Notes Images Pt 2,E3 - Singing & Dancing,D666157A-DB6D-49F9-8A8F-C35CA7F317E2_1_105_c.jpeg,1,Q1: 34 | Q2: M | Q3: San Francisco | Q4: 1 | Q5: no | Q6: no
2024 Field Notes Images Pt 2,E3 - Singing & Dancing,D666157A-DB6D-49F9-8A8F-C35CA7F317E2_1_105_c.jpeg,2,Q1: 59 | Q2: F | Q3: NYS | Q4: 1st | Q5: Yes | Q6: in | Q7: I | Q8: Alone
2024 Field Notes Images Pt 2,E3 - Singing & Dancing,34F101E5-D284-46CA-8136-524E3615C88C_1_105_c.jpeg,1,"Q1: 35 | Q2: F | Q3: Austin, TX | Q4: 3 | Q5: Not enough but try to find pop music | Q6: karoake once and while cheesy pop songs | Q7: alive | Q8: feels better alone as an introvert but can get into the groove with others"
2024 Field Notes Images Pt 2,E3 - Singing & Dancing,C642B1BC-FE0D-40AB-B1D8-CC108B07F911_1_105_c.jpeg,1,No entries found
2024 Field Notes Images Pt 2,E3 - Singing & Dancing,AEC99B7A-7178-4CE1-94EA-72C709B7C0C7_1_105_c.jpeg,1,Q1: 49 | Q2: F | Q3: Oregon | Q4: 5 | Q5: Always - anything but rock | Q6: Always - anything | Q7: Intricate real | Q8: Yes and yes
2024 Field Notes Images Pt 2,E3 - Singing & Dancing,AEC99B7A-7178-4CE1-94EA-72C709B7C0C7_1_105_c.jpeg,2,Q1: 55 | Q2: M | Q3: Californ | Q4: 7 | Q5: All the time | Q6: Not as much | Q7: Alive | Q8: Beter wit
2024 Field Notes Images Pt 2,E3 - Singing & Dancing,A5340E86-73DC-49AB-B7B0-35C3647D6700_1_105_c.jpeg,1,"Q1: 36 | Q2: M | Q3: TORONTO | Q4: 8 | Q5: Yes. AM NOT TOO PARTICULAR. (FUN, UPLIFTING, DANLEY) NOT AS often AS I Do Here, BUT, yes. | Q6: [Blank] | Q7: A-FUCK-IN-MAZING | Q8: yes. Better in others"
2024 Field Notes Images Pt 2,E3 - Singing & Dancing,D9339F21-0FE5-4D43-8A7E-8D550E8DBE0A_1_105_c.jpeg,1,Q1: 62 | Q2: M | Q3: Florida | Q4: 1 | Q5: NO | Q6: NO | Q7: N/A | Q8: yes
2024 Field Notes Images Pt 2,E3 - Singing & Dancing,B7F94BD1-1AB2-421C-A565-988FB56AD07C_1_105_c.jpeg,1,No entries found
2024 Field Notes Images Pt 2,E3 - Singing & Dancing,BA3CBAE1-CCC5-44E4-8087-B1C36A282F21_1_105_c.jpeg,1,"Q1: 40 | Q2: F | Q3: Alaska | Q4: 1 | Q5: Daily when I came across a beat I Can't resist-on the Playa-love the DJs | Q6: at home-phycadellic Music | Q7: Free, Lifled, taken Into the space &world Connected | Q8: no-fuels quat alone & withothers"
2024 Field Notes Images Pt 2,E3 - Singing & Dancing,48EC13BD-F67C-4C64-B220-754DAD42C513_1_105_c.jpeg,1,"Q1: 31 | Q2: Male | Q3: Box Apa | Q4: 6 | Q5: Yes, all music | Q6: Yes! House music | Q7: Joyous at peace | Q8: Both are good!"
2024 Field Notes Images Pt 2,E3 - Singing & Dancing,92EEE237-9C5C-4E1B-BAD1-1A6822A35776_1_105_c.jpeg,1,No entries found
2024 Field Notes Images Pt 2,I1 - Relationships,IMG_2489.HEIC,1,"Q1: 33 | Q2: M | Q3: NY, NY | Q4: 1 | Q5: No | Q6: No | Q7: Weird"
2024 Field Notes Images Pt 2,I1 - Relationships,IMG_2488.HEIC,1,Q1: 28 | Q2: Female | Q3: Whistles-bc-Canada | Q4: twice | Q5: Not yet ont heat is always open | Q6: No | Q7: more free less expectation more FUN - The playa shows a version of people that it I can't align with it wouldn't work in the detaurond.
2024 Field Notes Images Pt 2,I1 - Relationships,IMG_2483.HEIC,1,"Q1: 29 | Q2: Male | Q3: Telluride, Colorado | Q4: 1 | Q5: No, time will tell | Q6: No | Q7: Feels infinite on playa"
2024 Field Notes Images Pt 2,I1 - Relationships,IMG_2495.HEIC,1,"Q1: 49 | Q2: female | Q3: moundhouse, NV | Q4: 4 | Q5: no | Q6: yes lame w/ hubby 2020 recommended-hmm Read your book | Q7: same here as out- just free here from phone yeah!"
2024 Field Notes Images Pt 2,I1 - Relationships,IMG_2494.HEIC,1,"Q1: 39 | Q2: Male | Q3: Around the SF Bar, U.S. | Q4: 1st time | Q5: NO | Q6: I am now. It's nice to have someone to explore with. No. Commuvrate openly and of fen. | Q7: Ephemeral impername But so is life in The big picture,"
2024 Field Notes Images Pt 2,I1 - Relationships,IMG_2494.HEIC,2,"Q1: 27 | Q2: F | Q3: Nomadic | Bend, OR | Q4: 1 | Q5: NO | Q6: Yes. It was really speend to be here tugiter world stuatre more time apart. Reccomend setting Meetups, but allow freedom. Also, tandem bike | Q7: slover. Mox independent, free"
2024 Field Notes Images Pt 2,I1 - Relationships,IMG_2504.HEIC,1,Q1: 33 | Q2: Female | Q3: Reno NV | Q4: S | Q5: yes! its a fun way to express myself | Q6: A bit of both. very weather dependant but if theres an event I will dress accordingly to that. Also participate in tutu tuesday & white wednesday | Q7: yes- it affects my confidence
2024 Field Notes Images Pt 2,I1 - Relationships,IMG_2504.HEIC,2,"Q1: 62 | Q2: Female | Q3: Sydney, Australia | Q4: 2 times | Q5: No (Not yet!) | Q6: Not really-Poyfriend camps with me. Its a bit weird when his Partner is here but it Kinda was | Q7: Everyone (mostly) is nice here!"
2024 Field Notes Images Pt 2,I1 - Relationships,IMG_2472.HEIC,1,"Q1: 38 | Q2: female | Q3: Reno, NV | Q4: 3 times | Q5: No playa romances to tell... yet | Q6: No, have always been single | Q7: Relationships on the playa are cacier to form"
2024 Field Notes Images Pt 2,I1 - Relationships,IMG_2472.HEIC,2,"Q1: 53 | Q2: Male | Q3: Vancouver, Wa | Q4: 1st time | Q5: not yet, but sounds wonderful? | Q6: not yet | Q7: There seems to be a kindred energy that draws people togeth."
2024 Field Notes Images Pt 2,I1 - Relationships,IMG_2474.HEIC,1,"Q1: 37 | Q2: M | Q3: foco colo | Q4: 14 | Q5: yes, met someone last got contact Info. message them Before This Burn? Have Enjoyed getting TO know Them | Q6: yes, It was Easy TO Through comunication BUT ultimately showed me That It Quast the Relationship I wanted | Q7: They are more Open! Less Judged"
2024 Field Notes Images Pt 2,I1 - Relationships,IMG_2474.HEIC,2,"Q1: 64 | Q2: male | Q3: Palo Alto, a | Q4: 5 times | Q5: yes, all the time. | Q6: Yes, not really different with or without my partner. Each time I come I realize I didn't prepare well. I recommend treating your partner with love, respect digniti | Q7: I try to live in the moment, it is exciting and joyful meeting new People"
2024 Field Notes Images Pt 2,I1 - Relationships,IMG_2503.HEIC,1,"Q1: 35 | Q2: Female | Q3: Maui | Q4: 2 | Q5: Love it | Q6: About the Same maybe less | Q7: I am in recovery and is my Sanity my baseline | Q8: growers would be over run by corporations, but People would have their molicine | Q9: Did a lot, not my Jam."
2024 Field Notes Images Pt 2,I1 - Relationships,IMG_2503.HEIC,2,"Q1: 44 | Q2: Female | Q3: Oakland, CA | Q4: Twice | Q5: Yes Campmate and I met and I completely fait it off! Daled long distance for a par. Now in a committed relationship with Someone else. We're still close friend's and talk several thues a week. | Q6: Yes Secondburn - my bryriend and I Just celebrated lupar fogether. He did not want to jom the bunny so I came without him as part of my camp. I mis him, and I wish I could showlion cenything. Myrecommendation: Bring your partner -AND AND gue them space to exptore! | Q7: On play, it's an intense bonding experience. You get to expbre with someone, it's you tho us. the elements. Magical."
2024 Field Notes Images Pt 2,E1 - Singing & Dancing,IMG_3201.HEIC,1,"Q1: 41 | Q2: Sandwich | Q3: San Diego | Q4: 1 | Q5: Yes, House, Jazz, Space Buss | Q6: See Above | Q7: Plugged in to the ry thyem of the universe | Q8: Alone it's good medicine, together our waves and energies move together"
2024 Field Notes Images Pt 2,I1 - Relationships,IMG_2473.HEIC,1,"Q1: 53 | Q2: Male | Q3: Big Island, HI | Q4: 1st time | Q5: No | Q6: No | Q7: No entanglements on playa yet"
2024 Field Notes Images Pt 2,I1 - Relationships,IMG_2473.HEIC,2,Q1: 72 | Q2: M | Q3: A small tan | Q4: 6 | Q5: [Illegible] | Q6: [Illegible] | Q7: Pretty similar except here the openness to the cultural distinctives of Bernig may is already established.
2024 Field Notes Images Pt 2,I1 - Relationships,IMG_2473.HEIC,3,"Q1: 44 | Q2: M | Q3: Gresham, Oregon | Q4: 4th | Q5: Not Yet | Q6: Yes, it was BEAUTIFUL MOMENTS! | Q7: Boring..."
2024 Field Notes Images Pt 2,I1 - Relationships,IMG_2473.HEIC,4,"Q1: 39 | Q2: M | Q3: Venice Beach | Q4: 6 | Q5: No, only lust has taken me | Q6: [Blank] | Q7: They are fleeting. Engage w/o attachment"
2024 Field Notes Images Pt 2,E1 - Singing & Dancing,IMG_3196.HEIC,1,"Q1: 54 | Q2: Female | Q3: Marietta, Ohio | Q4: 1 | Q5: First time dancer at burning man, of course. | Q6: Yes. Anything but tech | Q7: Happy & Sexy | Q8: Nope. It can only get Sexier w/ a partner."
2024 Field Notes Images Pt 2,E1 - Singing & Dancing,IMG_3196.HEIC,2,"Q1: 33 | Q2: FARALE | Q3: AUSTRALIA | Q4: 1 | Q5: YES - IT'S FUN! | Q6: PLAN AHEAD OF THE | Q7: YES, GIVES CONFIDENCE."
2024 Field Notes Images Pt 2,E1 - Singing & Dancing,IMG_3194.HEIC,1,"Q1: 44 | Q2: Male Cis | Q3: Seattle, WA | Q4: 3 | Q5: Not really | Q6: Sometimes EDM/House | Q7: Energized, Sensual | Q8: Much better with a Social group"
2024 Field Notes Images Pt 2,E1 - Singing & Dancing,IMG_3194.HEIC,2,"Q1: 50 | Q2: â™€ | Q3: The Netherlands | Q4: 3 (1 at Where The Sheep Sleep) | Q5: I dress up, I don't consider it costumes really. Just another part of me. | Q6: Spontaneously | Q7: I don't think so, which is part of why BM is so special."
2024 Field Notes Images Pt 2,E1 - Singing & Dancing,IMG_3195.HEIC,1,"Q1: 37 | Q2: Male | Q3: Washington, D.C. | Q4: Four Times | Q5: Exactly six times. I Dance to electronic music of all kinds, | Q6: Yes. On dance floors and at home. | Q7: Great | Q8: Feels the same."
2024 Field Notes Images Pt 2,E1 - Singing & Dancing,IMG_3195.HEIC,2,"Q1: 56 | Q2: 7 | Q3: Colorado | Q4: 21 | Q5: Costumes: No interesting clothes: yes | Q6: Plan Prepare then decide in the moment | Q7: A little, if they like it"
2024 Field Notes Images Pt 2,E1 - Singing & Dancing,IMG_3181.HEIC,1,Q1: 69 | Q2: Male | Q3: Midwest (Iowa) | Q4: Nine | Q5: Usually dance EDM | Q6: I used to dance at 60s love ins disco/clubs | Q7: Dance = Fun= Commen Harmontooos | Q8: Yes.
2024 Field Notes Images Pt 2,E1 - Singing & Dancing,IMG_3181.HEIC,2,Q1: 26 | Q2: Trans woman | Q3: Denver Colorado USA | Q4: 3 | Q5: Not often only to goth/industrial | Q6: Same | Q7: Euphoric | Q8: Yes. I don't like dancing with others
2024 Field Notes Images Pt 2,E1 - Singing & Dancing,IMG_3181.HEIC,3,"Q1: 56 | Q2: FEMALE | Q3: REDSTONE, COLORADO | Q4: 3 | Q5: LIVE MUSIC,REVERBIA | Q6: NOT MUCH ANYMORE | Q7: GREAT 80S HOUSE | Q8: LOVE IT INCAR!"
2024 Field Notes Images Pt 2,E1 - Singing & Dancing,IMG_3204.HEIC,1,"Q1: 31 | Q2: F | Q3: Sparks, W | Q4: 2+ renegade | Q5: hot enough | Q6: sometimes havelencerts | Q7: very happy | Q8: depends"
2024 Field Notes Images Pt 2,E1 - Singing & Dancing,IMG_3204.HEIC,2,"Q1: 37 | Q2: FEMALE | Q3: RENO, NV | Q4: 1 | Q5: YES, EVERYTHING + ANYTHING | Q6: SOMETIMES, MY HOUSE | Q7: GOOD + HAPPY | Q8: NO"
2024 Field Notes Images Pt 2,E1 - Singing & Dancing,IMG_3203.HEIC,1,"Q1: 31 | Q2: FEMALE | Q3: RENO, NEVADA | Q4: 2x | Q5: Rarely; Deep Plaja / EDM | Q6: Yes; All music; mostly @ Home | Q7: Amazing! | Q8: Much different when alone, but dancing in public is amazing. To'm too shy to really let loose outside of my homelcar"
2024 Field Notes Images Pt 2,E1 - Singing & Dancing,IMG_3189.HEIC,1,Q1: 71 | Q2: F | Q3: Wash state | Q4: 8 | Q5: To any music | Q6: home-organized Partnel dances contra/ballroom | Q7: Wonderful - good brain chemistry | Q8: Yes
2024 Field Notes Images Pt 2,E1 - Singing & Dancing,IMG_3189.HEIC,2,"Q1: 39 1/2 | Q2: MAN | Q3: Palm Desert SA | Q4: ONE | Q5: DANCE DANCE DANCE EDM. | Q6: Yes, anywhere the beat is | Q7: great | Q8: yes"
2024 Field Notes Images Pt 2,F1 - Costumes,IMG_3217.HEIC,1,"Q1: 51 years old | Q2: Female | Q3: Seattle, WA | Q4: Stimes | Q5: Yes, but not every day, Self-exprension telling a story about myself | Q6: I plan ahead of ture for eased, comfort, body positivity, and none-moopy clothing | Q7: When I wear something unique I made myself it starts Conversations"
2024 Field Notes Images Pt 2,F1 - Costumes,IMG_3217.HEIC,2,"Q1: 37 | Q2: Non-binany | Q3: San Francisco, CA | Q4: 1 | Q5: Yes, because why not? | Q6: How I feel, theme day, + weather | Q7: I can be addressed as femme or mase terms depending on how Idress."
2024 Field Notes Images Pt 2,E1 - Singing & Dancing,IMG_3188.HEIC,1,"Q1: 63 | Q2: F | Q3: NC, DE, PA | Q4: 4 | Q5: Playa Choir one Year Dance every day Dance Music | Q6: Rarely | Q7: Love it Have been in a few church choirs | Q8: Situational - I dance + Sing alone at home."
2024 Field Notes Images Pt 2,E1 - Singing & Dancing,IMG_3188.HEIC,2,Q1: 71 | Q2: M | Q3: NC | Q4: 2 | Q5: A little bit | Q6: Play guitar + write song | Q7: No dancing | Q8: I like playing my guitar alone and jamming and performing I rarely dance.
2024 Field Notes Images Pt 2,E1 - Singing & Dancing,IMG_3188.HEIC,3,"Q1: 33 | Q2: Female | Q3: Houston, TX | Q4: 1 | Q5: often, soundgardm | Q6: Karely, 80% club | Q7: free | Q8: Its the same"
2024 Field Notes Images Pt 2,F1 - Costumes,IMG_3240.HEIC,1,Q1: 45 | Q2: Female | Q3: Tahoe/Prescott AZ Area | Q4: 21 | Q5: Costumes dont exist here | Q6: Both | Q7: It can Sometimes Prompt Conversation
2024 Field Notes Images Pt 2,F1 - Costumes,IMG_3240.HEIC,2,"Q1: Female | Q2: 51 years young! | Q3: 2nd Burn | Q4: SF Bay Area | Q5: Tent for my 1st burn This year, I am w/ a trailer camper | Q6: Vehicle pass | Q7: gifted a ticket to a friend"
2024 Field Notes Images Pt 2,F1 - Costumes,IMG_3241.HEIC,1,Q1: 28 | Q2: MACR | Q3: ITAU | Q4: 1Â° | Q5: yes! | Q6: [Blank] | Q7: à¤²à¤¾à¤² à¥«
2024 Field Notes Images Pt 2,F1 - Costumes,IMG_3248.HEIC,1,No entries found
2024 Field Notes Images Pt 2,F1 - Costumes,IMG_3227.HEIC,1,Q1: 26 | Q2: F | Q3: San Francisco | Q4: once | Q5: no. I feel more genuine and authentic when I wear what I feel. | Q6: plan ahead a bit but day to day is spontaneous | Q7: Yes - Can sometimes start conversations when people enjoy my outfit
2024 Field Notes Images Pt 2,B3 - Symbolism,IMG_2138.JPG,1,No entries found
2024 Field Notes Images Pt 2,M2 - Sustainability,IMG_2606.HEIC,1,No entries found
2024 Field Notes Images Pt 2,F1 - Costumes,IMG_3232.HEIC,1,Q1: 59 | Q2: Female | Q3: Berkeley CA | Q4: 17 | Q5: Depends on you defiton of costumes lots of fun clothing | Q6: Dress spontems Boy lots of clong Change in 2x a day. | Q7: Yes - but re in a playful on sury mood -
2024 Field Notes Images Pt 2,F1 - Costumes,IMG_3232.HEIC,2,"Q1: 37 | Q2: Female | Q3: Washington DC | Q4: 3 times | Q5: Sometimes. Mostly Not because I take pride in being a non-conformist. | Q6: Comfort, Practability, Temp | Q7: NOPE!"
2024 Field Notes Images Pt 2,G3 - Drinking & Smoking,IMG_2666.HEIC,1,No entries found
2024 Field Notes Images Pt 2,F1 - Costumes,IMG_3215.HEIC,1,"Q1: 36 | Q2: Male | Q3: Berkeley, CA | Q4: 4 Hmes | Q5: Yes. Helps me feel different from the default world. | Q6: Kaftans ace good for desert living. Planned ahead of time. | Q7: Probably? Not in obvious ways, maybe makes me a little moce self-concias."
2024 Field Notes Images Pt 2,F1 - Costumes,IMG_3215.HEIC,2,"Q1: 32 | Q2: Male | Q3: NYC | Q4: 4 big burns (3 ""Little ones"") | Q5: YES I love making outfits and wearing them. A chance to dress cute and a bit slutty! | Q6: I throw shit in My bag and then decide the day of Cor night (64) | Q7: YES people start convos by saying ""nice outfit"" then you make friends J"
2024 Field Notes Images Pt 2,F1 - Costumes,IMG_3238.HEIC,1,"Q1: 68 | Q2: F. | Q3: 50, Cui. | Q4: 23 | Q5: I used to in my younger days. now I am comfortable with myself. I love the people who express them selves with costume. Don't judge those who dont | Q6: I dress spontaneously | Q7: Confidence comes with how you feel at an given moment costuming is so much a part or who we are or want to be."
2024 Field Notes Images Pt 2,F1 - Costumes,IMG_3214.HEIC,1,"Q1: 68 | Q2: F | Q3: No. Calif | Q4: 23 | Q5: Sometimes - Depending on weather + mood | Q6: Weather + mood- | Q7: NO - Not me- But people React differently to me ""I'm not participating B.S."""
2024 Field Notes Images Pt 2,F1 - Costumes,IMG_3214.HEIC,2,"Q1: 31 | Q2: M | Q3: Portugal | Q4: 1. | Q5: yes, I like wear costuns | Q6: Both. Buy Cool staff in advance and the u compire | Q7: Yes, some outfits sumiron people, Some disattract Probably by personal feeling. lisit interesting/ attractive for him or not)"
2024 Field Notes Images Pt 2,G3 - Drinking & Smoking,IMG_2671.HEIC,1,"Q1: 31 | Q2: M | Q3: Bedin, Germany | Q4: 2 | Q5: yes | Q6: Alc, 420, worl | Q7: yos, recreational | Q8: Not too much | Q9: Little effect, all"
2024 Field Notes Images Pt 2,G3 - Drinking & Smoking,IMG_2671.HEIC,2,"Q1: 31 | Q2: Female | Q3: Brooklyn, NY | Q4: First | Q5: yes | Q6: More drinking, less Smoking- | Q7: play, medicine, relax, social | Q8: It changed CENSUS in NY | Q9: Started at age 18 and now"
2024 Field Notes Images Pt 2,M2 - Sustainability,IMG_2610.HEIC,1,"Q1: 35 | Q2: Female | Q3: PORTLAND OR | Q4: 2 | Q5: Limiting trash, Stopp ng at thrift Stores. | Q6: NOT YET. HSEARLY | Q7: YES, Not sure yet, Every year it seams to get better. | Q8: yes, Its our Responsibility to this Place + eachothe | Q9: maybe Not. Bertause people are selfish Bot we should. | Q10: yes Because your Enursed IN it for aset amount of time"
2024 Field Notes Images Pt 2,M2 - Sustainability,IMG_2610.HEIC,2,Q1: 73 | Q2: Male | Q3: Pocatello Idaho | Q4: Fivot Time | Q5: Not at all | Q6: No Responce | Q7: No | Q8: Yes | Q9: Perception makes the burn move tasty | Q10: No-Goverament makes it tough enough.
2024 Field Notes Images Pt 2,G3 - Drinking & Smoking,IMG_2692.HEIC,1,Q1: 31 | Q2: Female | Q3: Reno | Q4: 7 | Q5: yes! My job & my community | Q6: Leave no trace: teaching it to Kids! | Q7: Radical self expression: being myself
2024 Field Notes Images Pt 2,G3 - Drinking & Smoking,IMG_2669.HEIC,1,Q1: 1-48 | Q2: M | Q3: Charlotte | Q4: 15 | Q5: yes | Q6: move at Burn
2024 Field Notes Images Pt 2,G3 - Drinking & Smoking,IMG_2694.HEIC,1,Q1: 34 | Q2: Male | Q3: NYC | Q4: I Time | Q5: I drink a litle | Q6: little | Q7: Just to drink with othars | Q8: nope | Q9: nope
2024 Field Notes Images Pt 2,G3 - Drinking & Smoking,IMG_2686.HEIC,1,"Q1: 27 (almost28) | Q2: Enby | Q3: Reno, NV (Cwell, Sparks) | Q4: 18 | Q5: Drink yes, Smoke No. Smoking gives me a headache. I like weed tho | Q6: Beer, weed. bout the sane | Q7: Relaxation | Q8: They are | Q9: Sometimes makes the exp. more anxious"
2024 Field Notes Images Pt 2,D2 - Boundaries of Humanity,IMG_3001.HEIC,1,Q1: 69 | Q2: male | Q3: arroyo Grande Ca | Q4: First Time
2024 Field Notes Images Pt 2,D2 - Boundaries of Humanity,IMG_3001.HEIC,2,Q1: 37 | Q2: F | Q3: NH | Q4: 3 | Q5: conciousness | Q6: soul | Q7: No | Q8: personality | Q9: responsibility
2024 Field Notes Images Pt 2,G3 - Drinking & Smoking,IMG_2682.HEIC,1,"Q1: 37 | Q2: F | Q3: SF | Q4: 6 | Q5: yes | Q6: Drink / smoke weed more | Q7: Both play Irecreation | Q8: I don't smoke often in default would, but started more when it became Legal. Easier access & know safety. | Q9: Prefer to do one Substance at a time."
2024 Field Notes Images Pt 2,G3 - Drinking & Smoking,IMG_2682.HEIC,2,"Q1: D29 | Q2: FTM | Q3: Portland, OR | Q4:  | Q5: yes. | Q6: Alcohol B weed. I Deff drinke lot more on Playa. I dont drink a lot in default it helps me to be able to talk and Connect w/ those ground mebecause I am a very Sovitary Person, diff smoke lesssomy be it is harder too on Aaya | Q7: drinking helps me Socialize, weed helps me be a hunan Iam disutred and weed is is an an important med for Me | Q8: it is legal Where I am from!. | Q9: I drink ugly because I dont live the fect of being Crossfaded."
2024 Field Notes Images Pt 2,F3 - Costumes,IMG_2889.HEIC,1,Q1: 40 | Q2: Male | Q3: New Jersey | Q4: First timp | Q5: No. I always dress punk. | Q6: Basically wedb the same thing but with different shirts
2024 Field Notes Images Pt 2,F3 - Costumes,IMG_2889.HEIC,2,Q1: befinitely | Q2: People rest strongly | Q3: [Blank] | Q4: If you meant appearance punk rock Sometimes negatively
2024 Field Notes Images Pt 2,K2 - Diversity & Inclusion,IMG_3107.HEIC,1,"Q1: 44 | Q2: woman | Q3: Reno | Q4: 4 | Q5: I am a white woman and I'm 6'2"". Being so out of the ordinary, people always need to point that out to me. It has forced me to be more outgory than I might be. People also listen to me and follow me because I've decided to embody my height. It's both a positive and a negative, because sometimes all I want to do is blend in. | Q6: No, there's nothing I can do about my height. I have decided that if people stare at me, they might as well look at something nice so I try to dress well and take care of myself"
2024 Field Notes Images Pt 2,K2 - Diversity & Inclusion,IMG_3107.HEIC,2,"Q7: My playa name is tall As Fuck. Here, I proactively claim my weight before sou dare else can do it for me. It's kinda rad. | Q8: Nope I'm just myself here."
2024 Field Notes Images Pt 2,F3 - Costumes,IMG_2856.HEIC,1,No entries found
2024 Field Notes Images Pt 2,F3 - Costumes,IMG_2866.HEIC,1,"Q1: 41 | Q2: male | Q3: Berlin | Q4: 3rd burn | Q5: yes! Get weird, Inspire others | Q6: I take a variety of planed costumed and loose fun items. I combine as I fed that day. | Q7: It makes for talking points, Pls easier to connect."
2024 Field Notes Images Pt 2,F3 - Costumes,IMG_2866.HEIC,2,"Q1: 41 | Q2: Male | Q3: New Jersey | Q4: 1 is my first time | Q5: Yes it reminds me mul everything is work, there is a place some whar were everyting, I like is. | Q6: Yes | Q7: One Big slow process from a few roths back | Q8: yes, in nicer | Q9: Every thing"
2024 Field Notes Images Pt 2,K2 - Diversity & Inclusion,IMG_3112.HEIC,1,Q1: 25 | Q2: man | Q3: tha hoe Basin | Q4: frist time | Q5: my friend Ship | Q6: yes in Jail inplant on P | Q7: Just me | Q8: Sex
2024 Field Notes Images Pt 2,K2 - Diversity & Inclusion,IMG_3112.HEIC,2,"Q1: 34 | Q2: F | Q3: Gardena CA (Los Angeles) | Q4: 11 | Q5: I am in engineering, and usually the only women in my group at any givein job. Sometimes I run into sexist assumptions about my abilities. | Q6: Sometimes I will change the language I use in ader to fit in (ex. calling coworkers ""bro"") | Q7: I have noticed that since I started buruling at 21 I lave been getting less attention from old men on playa. Not sure if this is related to my age or a cultural shift. | Q8: No"
2024 Field Notes Images Pt 2,F3 - Costumes,IMG_2874.HEIC,1,"Q1: 33 | Q2: NB | Q3: Nevecla City CA | Q4: 6 | Q5: No, wears clothes that want to wear in the outside world | Q6: Dress spontaneously, but all fall colors (orange & Black) | Q7: Yes, People compliment it & the wearer feels confident"
2024 Field Notes Images Pt 2,F3 - Costumes,IMG_2877.HEIC,1,"Q1: 35 | Q2: M | Q3: Berkeley | Q4: 15 | Q5: No, I'm naked the entire time. I'm not totally sure why, but it's how I feel most comfortable now. I'm sad there's less (and) naked People at Burning Man. I blame Phone cameras, | Q6: I spend all year not thinking about it at all. | Q7: More and more, yes. I definitely Notice the lack of nakedness, mostly female bodied People, which from conversations seems to suggest a lack of safety and Voyeurism. It's a big deal to many People and I get comments' | Q8: [Blank]"
2024 Field Notes Images Pt 2,F3 - Costumes,IMG_2877.HEIC,2,Q1: 41 | Q2: F | Q3: 56 | Q4: [Blank] | Q5: Free And happy Burning for 10 years | Q6: [Blank] | Q7: [Blank] | Q8: [Blank]
2024 Field Notes Images Pt 2,F3 - Costumes,IMG_2859.HEIC,1,"Q1: 52 | Q2: female | Q3: Whitehorse, Yukon, Canada | Q4: 10! | Q5: Yes. I get to be someone different than every day me. And its fun! | Q6: I bring my entire costume closet & decide spontaneously, | Q7: Nope! I am still me."
2024 Field Notes Images Pt 2,F3 - Costumes,IMG_2859.HEIC,2,"Q1: 34 | Q2: MALE | Q3: CALIFORNIA, LONG BEACH | Q4: 2 | Q5: YES, ITS ME | Q6: SPONTANEOUSLY, IN THE MOMENT | Q7: YES, BECAUSE WHEN I FEEL MORE COMFORTABLE I AM MORE OPEN"
2024 Field Notes Images Pt 2,F3 - Costumes,IMG_2865.HEIC,1,"Q1: 38 | Q2: male | Q3: Colorado | Q4: 8 | Q5: not really I have clothing. but not full ""costumes"" | Q6: NO Plan | Q7: NO Fuck People!"
2024 Field Notes Images Pt 2,F3 - Costumes,IMG_2878.HEIC,1,Q1: 34 | Q2: M | Q3: Ber Kely | Q4: 12 | Q5: My Style a BM is less costumey and move skin comfy flowey w/ Boots and a wet scarf. a bit Muggley at night | Q6: Bin full of options / No plan BM Sawnged fashion | Q7: I don't think so.
2024 Field Notes Images Pt 2,F3 - Costumes,IMG_2878.HEIC,2,Q1: 23 | Q2: F | Q3: CA | Q4: 2 | Q5: spontanibbly | Q6: Yes
2024 Field Notes Images Pt 2,F3 - Costumes,IMG_2878.HEIC,3,"Q1: 40 | Q2: F | Q3: Alaska | Q4: First-One | Q5: Every single day 2 outfits -daytime -night | Q6: I love to sew, so I made this my aut 8 it just came natural to come up withemy dream Outfits that I've wanted to wear since I was Young-but hodno Venue | Q7: I feel more confident interact when I Wear nyt Outf"
2024 Field Notes Images Pt 2,F3 - Costumes,IMG_2872.HEIC,1,"Q1: 37 | Q2: Female | Q3: Sacramento, CA, USA | Q4: 4! | Q5: Yes, it is fun | Q6: Plan ahead and spontaneous -> comfort is key | Q7: No"
2024 Field Notes Images Pt 2,L1 - Beyond Black Rock City,IMG_3344.HEIC,1,"Q1: 70 % | Q2: m | Q3: CALIFORNIA | Q4: 16 | Q5: Before the burn, would never have hugged anyone, even family | Q6: Really embracing Inmediocy"
2024 Field Notes Images Pt 2,L1 - Beyond Black Rock City,IMG_3330.HEIC,1,"Q1: 53 | Q2: Mate | Q3: BigIsland, HI | Q4: 1st time | Q5: No | Q6: I incorporated some of them before - I am getting used to immediacy | Q7: 1st time, we will see"
2024 Field Notes Images Pt 2,L1 - Beyond Black Rock City,IMG_3330.HEIC,2,"Q1: 72 | Q2: M | Q3: at Home | Q4: 6 | Q5: Yes, now much more rwa to live with radical self expression and to welcome others who do the same | Q6: Mainly this | Q7: Mainly this"
2024 Field Notes Images Pt 2,F3 - Costumes,IMG_2887.HEIC,1,"Q1: 73 | Q2: Female | Q3: San Jose, CA | Q4: 16 years | Q5: Yes. I love the opportunity to be Creative and silly. Costumes bring us together in a way that is very different in the other life. | Q6: Silly, putting things together. I think about Costumes through the year and gather fun things It reminds me to not take things seriously. Connecting to Silliness & joy | Q7: I feel more welcome any where I go in the City and helps me Return the joy of seeing and welcoming others"
2024 Field Notes Images Pt 2,F3 - Costumes,IMG_2887.HEIC,2,Q1: [Blank] | Q2: [Blank] | Q3: Los Angeles | Q4: Four | Q5: Yes radical self expression | Q6: [Illegible] | Q7: Yes you're priced differently depending on what you wear sometimes | Q8: [Illegible]
