Folder,Subfolder,Filename,EntryIndex,Raw Transcription,Q1,Q2,Q3,Q4,Q5,Q6,Q7,Q8,Q9,Q10,Norm_Age,Norm_Gender,Norm_Burn_Count,Norm_Region,Burn_Status
2025 Field Notes Images,B2 - Survival,IMG_4014.HEIC,1,No entries found,,,,,,,,,,,,U,,Unknown,Unknown
2025 Field Notes Images,A2 - Transformation ,IMG_4002.HEIC,1,No entries found,,,,,,,,,,,,U,,Unknown,Unknown
2025 Field Notes Images,D2 - Boundaries of Humanity,IMG_4033.HEIC,1,"Q1: 45 | Q2: F | Q3: Louisville, ky | Q4: 3 | Q5: [Blank] | Q6: Literally everything | Q7: Nope | Q8: I am a vessel of love | Q9: We are ONE",45,F,"Louisville, ky",3,[Blank],Literally everything,Nope,I am a vessel of love,We are ONE,,45,F,3,US Other,Sophomore
2025 Field Notes Images,B1 - Survival,IMG_4070.HEIC,1,"Q1: 32 | Q2: Male | Q3: Baker Beach, San Francisco | Q4: 1st time | Q5: Water | Q6: Rebar stakes for grill | Q7: 10 more days | Q8: Commonal meals & Checkins",32,Male,"Baker Beach, San Francisco",1st time,Water,Rebar stakes for grill,10 more days,Commonal meals & Checkins,,,32,M,1,Local/West,Virgin
2025 Field Notes Images,C2 - Emotions & Experiences,IMG_4026.HEIC,1,"Q1: 62 | Q2: Male? | Q3: Kentucky, USA | Q4: 11 | Q5: 13 hour exodus, alcohol | Q6: The general Amosphere of choperation and eviles of bierner community.",62,Male?,"Kentucky, USA",11,"13 hour exodus, alcohol",The general Amosphere of choperation and eviles of bierner community.,,,,,62,O,11,US Other,Elder
2025 Field Notes Images,C2 - Emotions & Experiences,IMG_4026.HEIC,2,Q1: 38 | Q2: Fe | Q3: S | Q4: 6 | Q5: 0 | Q6: [Blank],38,Fe,S,6,0,[Blank],,,,,38,O,6,US Other,Veteran
2025 Field Notes Images,E1 - Relationships,IMG_4143.HEIC,1,Q1: 26 | Q2: MALE | Q3: SF | Q4: 3 | Q5: Yes. Costco connected us. Didn't last. | Q6: No. | Q7: There's a clock on it. Things move fast and distractions are everywhere.,26,MALE,SF,3,Yes. Costco connected us. Didn't last.,No.,There's a clock on it. Things move fast and distractions are everywhere.,,,,26,M,3,Local/West,Sophomore
2025 Field Notes Images,D1 - Boundaries of Humanity,IMG_4124.HEIC,1,"Q1: 34 | Q2: Male | Q3: Nomad | Q4: 4 | Q5: Not sure, except our collective ID as humans | Q6: We think, Al doesn't (and Ive worked in Al). | Q7: Its possible. If a machine is Sentient, It should be treated with personhood. | Q8: Unsure | Q9: Im an animist, So I think all things have personhood. Thus the lines of human & the more than human world get blurry.",34,Male,Nomad,4,"Not sure, except our collective ID as humans","We think, Al doesn't (and Ive worked in Al).","Its possible. If a machine is Sentient, It should be treated with personhood.",Unsure,"Im an animist, So I think all things have personhood. Thus the lines of human & the more than human world get blurry.",,34,M,4,US Other,Veteran
2025 Field Notes Images,A1 - Transformation,IMG_4061.HEIC,1,"Q1: 39 | Q2: Male | Q3: Calgary/Cal | Q4: 1 | Q5: Yes, brought me bick | Q6: [Illegible] to roots | Q7: - Sudden Change | Q8: My women and friends",39,Male,Calgary/Cal,1,"Yes, brought me bick",[Illegible] to roots,- Sudden Change,My women and friends,,,39,M,1,Local/West,Virgin
2025 Field Notes Images,A1 - Transformation,IMG_4061.HEIC,2,Q1: 33 | Q2: Femcle | Q3: my house (watt to) | Q4: 0 | Q5: Ves | Q6: yes-hila lever | Q7: yes-comus | Q8: freedom,33,Femcle,my house (watt to),0,Ves,yes-hila lever,yes-comus,freedom,,,33,O,0,US Other,Sophomore
2025 Field Notes Images,F1 - Diversity & Inclusion,IMG_4151.HEIC,1,"Q1: 35 | Q2: Male | Q3: Dallas, PA (Home down) | Q4: First Timer | Q5: I'm 6'8"" and I've been told I'm very Intimadating, but I'm a very sarsitive, gentle, mindful Person. | Q6: I han matige &xtoxic ampuls tattoos on my Les, and a 2 tattoos that I gaut on 22 02/22/2022 | Q7: I Feel like people are abrand to delle to me, I make sun bo Smile and introduce myself. | Q8: No, I am who I am, anthite.",35,Male,"Dallas, PA (Home down)",First Timer,"I'm 6'8"" and I've been told I'm very Intimadating, but I'm a very sarsitive, gentle, mindful Person.","I han matige &xtoxic ampuls tattoos on my Les, and a 2 tattoos that I gaut on 22 02/22/2022","I Feel like people are abrand to delle to me, I make sun bo Smile and introduce myself.","No, I am who I am, anthite.",,,35,M,1,Local/West,Virgin
2025 Field Notes Images,C1 - Emotions & Experiences,IMG_4110.HEIC,1,"Q1: 54 | Q2: Gender-Fluid | Q3: Campbell, CA | Q4: 3 | Q5: Consent Violations, MUDDY (2023) | Q6: Body Positivity, Space to spontaneously create art, Deep yet ephemeral conversations/ interactions | Q7: Joy, Freedom of expression, Loneliness (esp. if feeling ""othered"" or excluded). | Q8: Someone's Reaction to taking a shot of ""Reaper"" infused Absinthe. | Q9: My nephew's obituary in the Temple. Other people feeling deeply in multiple situations. | Q10: SO MANY ART PIECES ! also, the sacred Fire on 6:00 37",54,Gender-Fluid,"Campbell, CA",3,"Consent Violations, MUDDY (2023)","Body Positivity, Space to spontaneously create art, Deep yet ephemeral conversations/ interactions","Joy, Freedom of expression, Loneliness (esp. if feeling ""othered"" or excluded).","Someone's Reaction to taking a shot of ""Reaper"" infused Absinthe.",My nephew's obituary in the Temple. Other people feeling deeply in multiple situations.,"SO MANY ART PIECES ! also, the sacred Fire on 6:00 37",54,NB,3,Local/West,Sophomore
2025 Field Notes Images,A1 - Transformation,IMG_4058.HEIC,1,Q1: [Blank] | Q2: [Blank] | Q3: [Blank] | Q4: [Blank] | Q5: [Blank] | Q6: [Blank] | Q7: [Blank] | Q8: yes Iam even more Inclusive. and I always pack it in and pack it out! | Q9: I think I changed my way of thinking about others and how Creative you can be Whether it's small or large scale,[Blank],[Blank],[Blank],[Blank],[Blank],[Blank],[Blank],yes Iam even more Inclusive. and I always pack it in and pack it out!,I think I changed my way of thinking about others and how Creative you can be Whether it's small or large scale,,,O,,Local/West,Unknown
2025 Field Notes Images,A1 - Transformation,IMG_4059.HEIC,1,Q1: 86 | Q2: F | Q3: Curiosity | San Fran. | Q4: 8 | Q5: Yes. | Q6: Yes | Q7: No | Q8: No.,86,F,Curiosity | San Fran.,8,Yes.,Yes,No,No.,,,86,F,8,US Other,Veteran
2025 Field Notes Images,A1 - Transformation,IMG_4053.HEIC,1,"Q1: 52 | Q2: M | Q3: Hawthorn Woods IL | Q4: 3 | Q5: Yes, Too much to say | Q6: Yes, "" | Q7: Det gradual | Q8: Absolutely up around gender issues | Q9: Just to be as accepting as I can in all sort of ways. :)",52,M,Hawthorn Woods IL,3,"Yes, Too much to say","Yes, """,Det gradual,Absolutely up around gender issues,Just to be as accepting as I can in all sort of ways. :),,52,M,3,US Other,Sophomore
2025 Field Notes Images,A1 - Transformation,IMG_4062.HEIC,1,Q1: Pony | Q2: 90 | Q3: male | Q4: kfow | Q5: 3 | Q6: 2010 | Q7: [Illegible] | Q8: werver | Q9: jodawetel,Pony,90,male,kfow,3,2010,[Illegible],werver,jodawetel,,,O,,US Other,Unknown
2025 Field Notes Images,A1 - Transformation,IMG_4064.HEIC,1,"Q1: 44 | Q2: M | Q3: CA (San Diego) | Q4: 7x | Q5: y; it's made space to look, see $be | Q6: N, been here, dove that | Q7: N/A | Q8: 1sh, somewhat i making space opens doors | Q9: patience, planning, adaptability, regard for others",44,M,CA (San Diego),7x,"y; it's made space to look, see $be","N, been here, dove that",N/A,"1sh, somewhat i making space opens doors","patience, planning, adaptability, regard for others",,44,M,7,Local/West,Veteran
2025 Field Notes Images,A1 - Transformation,IMG_4054.HEIC,1,"Q1: 41 years old | Q2: female | Q3: Bend Oregon | Q4: 3 | Q5: 2015 opened my world met my peoples, grew as a person. More open to new experiances | Q6: yes. I had heard of BM for 10 years + before I came. Became my bucket list for life | Q7: both. On the playa and when I got hame I also hanged to come to burning man - left a CTR | Q8: yes. This year especially. I am far more open | Q9: Welcoming comunnity. Giet 5",41 years old,female,Bend Oregon,3,"2015 opened my world met my peoples, grew as a person. More open to new experiances",yes. I had heard of BM for 10 years + before I came. Became my bucket list for life,both. On the playa and when I got hame I also hanged to come to burning man - left a CTR,yes. This year especially. I am far more open,Welcoming comunnity. Giet 5,,41,F,3,US Other,Sophomore
2025 Field Notes Images,A1 - Transformation,IMG_4057.HEIC,1,"Q1: 56 | Q2: M | Q3: Cambridge Massachusetts. | Q4: ONE | Q5: YES, TUESDAY MORNING I RAN my FIRST ULTRA MARATHON | Q6: SURE - ANY MASSIVE NEW EXPERIENCE WILL change you! | Q7: STILL EVOLVING, slow | Q8: shows you down and allows real conversations | Q9: LACK OR TRANSACTIONS $, ARTISTIC EXPRESSION",56,M,Cambridge Massachusetts.,ONE,"YES, TUESDAY MORNING I RAN my FIRST ULTRA MARATHON",SURE - ANY MASSIVE NEW EXPERIENCE WILL change you!,"STILL EVOLVING, slow",shows you down and allows real conversations,"LACK OR TRANSACTIONS $, ARTISTIC EXPRESSION",,56,M,,Local/West,Unknown
2025 Field Notes Images,A1 - Transformation,IMG_4052.HEIC,1,"Q1: 42 | Q2: F | Q3: Longmont, co | Q4: 6 | Q5: no but the communitydid. I met burner's way before I could afford burming man & they taught me acceptance of so many things | Q6: no, in developmental psychology we talk about dandelions + orchids. (differential susceptibility to environmental Influences). Orchids need specialized care & will wilt without it but bloom in the right environment. Dandelions are ok everywhere. I'm a dandelion. | Q7: There is a storm coming So I have togo! ",42,F,"Longmont, co",6,no but the communitydid. I met burner's way before I could afford burming man & they taught me acceptance of so many things,"no, in developmental psychology we talk about dandelions + orchids. (differential susceptibility to environmental Influences). Orchids need specialized care & will wilt without it but bloom in the right environment. Dandelions are ok everywhere. I'm a dandelion.",There is a storm coming So I have togo!,,,,42,F,6,US Other,Veteran
2025 Field Notes Images,A1 - Transformation,IMG_4063.HEIC,1,"Q1: Virgin! | Q2: Yes. Opennesse+experienery others. Also a reminder | Q3: The reliance on self expression, The 10 principles should be carefully lived, not just this week. | Q4: Yes. Evepre tells of ""you don't get it unti"" you experience it.""I also come searching for change/answers, learned me it | Q5: Greedel | Q6: It is just to be open and welcome to all without wait/hes.itation | Q7: Exparentred w/ others, watching Pleje TV",Virgin!,Yes. Opennesse+experienery others. Also a reminder,"The reliance on self expression, The 10 principles should be carefully lived, not just this week.","Yes. Evepre tells of ""you don't get it unti"" you experience it.""I also come searching for change/answers, learned me it",Greedel,It is just to be open and welcome to all without wait/hes.itation,"Exparentred w/ others, watching Pleje TV",,,,,O,,Local/West,Unknown
2025 Field Notes Images,A1 - Transformation,IMG_4055.HEIC,1,"Q1: 34 | Q2: Female | Q3: Oakland, CA | Q4: 2 | Q5: Yes, it gave me more hope that meny, if not most people, want to build a rodienlly different world based on valves it orbr Feels like the default world lacks | Q6: No, in fact I thought it was a bit trite that people had to go to a party in the desert to learn te 10 vale os",34,Female,"Oakland, CA",2,"Yes, it gave me more hope that meny, if not most people, want to build a rodienlly different world based on valves it orbr Feels like the default world lacks","No, in fact I thought it was a bit trite that people had to go to a party in the desert to learn te 10 vale os",,,,,34,F,2,Local/West,Sophomore
2025 Field Notes Images,A1 - Transformation,IMG_4055.HEIC,2,"Q7: Gradual | Q8: It is charging it | Q9: I dont think there is a single factor as there is so much diversity & creativity that makes up the city, and all of trose things combined create the beauty",,,,,,,Gradual,It is charging it,"I dont think there is a single factor as there is so much diversity & creativity that makes up the city, and all of trose things combined create the beauty",,,U,,Unknown,Unknown
2025 Field Notes Images,A1 - Transformation,IMG_4060.HEIC,1,"Q1: Big White | Q2: LED | Q3: Toilet signs, + more hot girls will come to the born | Q4: everyone wins",Big White,LED,"Toilet signs, + more hot girls will come to the born",everyone wins,,,,,,,,O,,US Other,Unknown
2025 Field Notes Images,A1 - Transformation,IMG_4051.HEIC,1,No entries found,,,,,,,,,,,,U,,Unknown,Unknown
2025 Field Notes Images,A1 - Transformation,IMG_4050.HEIC,1,No entries found,,,,,,,,,,,,U,,Unknown,Unknown
2025 Field Notes Images,A1 - Transformation,IMG_4056.HEIC,1,"Q1: 32 | Q2: Female | Q3: San Francisco, CA | Q4: 6 times! | Q5: probably the first time. Experiencing a city made from us is absolutely life Changing Watching ewire from nothing into something definitely changes you Riding through Wadsnorth and Empire and Gerlach is life charging! Why? The atmosphere, the landscape, the entire farney is a one-of-a-kind experience | Q6: yes I expected myself to change or really discover a part of me that has always mthin | Q7: It's gradual and each year you attend and participate the ""life chage"" Is evolving slowly.",32,Female,"San Francisco, CA",6 times!,"probably the first time. Experiencing a city made from us is absolutely life Changing Watching ewire from nothing into something definitely changes you Riding through Wadsnorth and Empire and Gerlach is life charging! Why? The atmosphere, the landscape, the entire farney is a one-of-a-kind experience",yes I expected myself to change or really discover a part of me that has always mthin,"It's gradual and each year you attend and participate the ""life chage"" Is evolving slowly.",,,,32,F,6,Local/West,Veteran
2025 Field Notes Images,B2 - Survival,IMG_4015.HEIC,1,No entries found,,,,,,,,,,,,U,,Unknown,Unknown
2025 Field Notes Images,A2 - Transformation ,IMG_4003.HEIC,1,Q1: [Blank] | Q2: [Blank] | Q3: [Blank] | Q4: [Blank] | Q5: [Blank] | Q6: [Blank] | Q7: [Blank] | Q8: [Blank] | Q9: [Blank],[Blank],[Blank],[Blank],[Blank],[Blank],[Blank],[Blank],[Blank],[Blank],,,O,,Local/West,Unknown
2025 Field Notes Images,A2 - Transformation ,IMG_4007.HEIC,1,Q1: 52 | Q2: M | Q3: UAE | Q4: 1ST | Q5: Enjoy the freedom to be on your own Journey | Q6: Wasn't Looking to be Changed are pretty Liberal and open however enjoy Seeing other peoples Journey. | Q7: haven't felt a Change | Q8: No People are people and I Accept everyone | Q9: NA,52,M,UAE,1ST,Enjoy the freedom to be on your own Journey,Wasn't Looking to be Changed are pretty Liberal and open however enjoy Seeing other peoples Journey.,haven't felt a Change,No People are people and I Accept everyone,NA,,52,M,1,US Other,Virgin
2025 Field Notes Images,A2 - Transformation ,IMG_4005.HEIC,1,"Q1: 35 | Q2: Female | Q3: ABQ, New Mexico | Q4: 2 | Q5: Yes, it helped me with my social anxiety and also finding strength in myself. | Q6: No I did not. | Q7: very gradual | Q8: Yes, radical inclusivity has changed how I appreciate and understand everyone, & everyone's individual gifts, | Q9: Just how hard it is, finding resilience and feeling free of judgement for the first time, probably ever...",35,Female,"ABQ, New Mexico",2,"Yes, it helped me with my social anxiety and also finding strength in myself.",No I did not.,very gradual,"Yes, radical inclusivity has changed how I appreciate and understand everyone, & everyone's individual gifts,","Just how hard it is, finding resilience and feeling free of judgement for the first time, probably ever...",,35,F,2,US Other,Sophomore
2025 Field Notes Images,B2 - Survival,IMG_4018.HEIC,1,Q1: 36 | Q2: F | Q3: Czechia | Q4: 5x | Q5: eye mask | Q6: solar cooker | Q7: 14 | Q8: shade structure by campmates,36,F,Czechia,5x,eye mask,solar cooker,14,shade structure by campmates,,,36,F,5,US Other,Veteran
2025 Field Notes Images,B2 - Survival,IMG_4018.HEIC,2,"Q1: 43 | Q2: M | Q3: Czechia | Q4: 6x | Q5: dust protection | Q6: solar cookeh | Q7: 14 | Q8: as pant at camp, shade & frod",43,M,Czechia,6x,dust protection,solar cookeh,14,"as pant at camp, shade & frod",,,43,M,6,US Other,Veteran
2025 Field Notes Images,A2 - Transformation ,IMG_4004.HEIC,1,"Q1: 41 | Q2: Non-Binary | Q3: Phoenix, AZ | Q4: [Blank] | Q5: Burning Man freed me from a prison of myown MAKING | Q6: Yes. | Q7: Both | Q8: Yes, I began to recognize that people desire my authenticity! | Q9: It gave me a desire to live. And love again.",41,Non-Binary,"Phoenix, AZ",[Blank],Burning Man freed me from a prison of myown MAKING,Yes.,Both,"Yes, I began to recognize that people desire my authenticity!",It gave me a desire to live. And love again.,,41,NB,,US Other,Unknown
2025 Field Notes Images,A2 - Transformation ,IMG_4004.HEIC,2,"Q1: 40 | Q2: Female | Q3: Utah, SLC | Q4: 5 year | Q5: yes. community, play, creativity | Q6: yes - hearing all the stories | Q7: Gradual! | Q8: yes, Compassion + increased open mindedness | Q9: Art, building (creating together in community, suming adv",40,Female,"Utah, SLC",5 year,"yes. community, play, creativity",yes - hearing all the stories,Gradual!,"yes, Compassion + increased open mindedness","Art, building (creating together in community, suming adv",,40,F,5,US Other,Veteran
2025 Field Notes Images,B2 - Survival,IMG_4020.HEIC,1,No entries found,,,,,,,,,,,,U,,Unknown,Unknown
2025 Field Notes Images,B2 - Survival,IMG_4019.HEIC,1,Q1: S | Q2: F | Q3: Minder NU | Q4: 5 | Q5: water up | Q6: ID | Q7: years | Q8: community companion ship,S,F,Minder NU,5,water up,ID,years,community companion ship,,,,F,5,US Other,Veteran
2025 Field Notes Images,B2 - Survival,IMG_4016.HEIC,1,"Q1: [Blank] | Q2: male | Q3: SF Bay Area | Q4: 5 times | Q5: headlamp | Q6: pool [Illegible] | Q7: 10 days | Q8: my community helps me feel grouded, inspired, and open minded.",[Blank],male,SF Bay Area,5 times,headlamp,pool [Illegible],10 days,"my community helps me feel grouded, inspired, and open minded.",,,,M,5,Local/West,Veteran
2025 Field Notes Images,B2 - Survival,IMG_4016.HEIC,2,Q1: D35 yo | Q2: male | Q3: Reno | Q4: 3 | Q5: Camo) Pack bag | Q6: ice melt fitter/reclamation | Q7: 21 | Q8: many hands make light work,D35 yo,male,Reno,3,Camo) Pack bag,ice melt fitter/reclamation,21,many hands make light work,,,35,M,3,Local/West,Sophomore
2025 Field Notes Images,E1 - Relationships,IMG_4137.HEIC,1,Q1: 43 | Q2: M | Q3: Reno | Q4: 1 | Q5: N | Q6: N | Q7: Some so far,43,M,Reno,1,N,N,Some so far,,,,43,M,1,Local/West,Virgin
2025 Field Notes Images,E1 - Relationships,IMG_4130.HEIC,1,No entries found,,,,,,,,,,,,U,,Unknown,Unknown
2025 Field Notes Images,B2 - Survival,IMG_4017.HEIC,1,"Q1: [Blank] | Q2: [Blank] | Q3: Sacramento | Q4: 3 Official, I renegade | Q5: Extra batteries, | Q6: Lizard onesie for cold nights. | Q7: 2 weeks | Q8: Kindness in the ranton encounters of each and every person you meet",[Blank],[Blank],Sacramento,"3 Official, I renegade","Extra batteries,",Lizard onesie for cold nights.,2 weeks,Kindness in the ranton encounters of each and every person you meet,,,,O,3,US Other,Sophomore
2025 Field Notes Images,B2 - Survival,IMG_4017.HEIC,2,Q1: 75 | Q2: M | Q3: NY | Q4: 14 | Q5: ACCORDION | Q6: MUSHROOMS | Q7: 10 DAYS | Q8: MY FAMILY,75,M,NY,14,ACCORDION,MUSHROOMS,10 DAYS,MY FAMILY,,,75,M,14,US Other,Elder
2025 Field Notes Images,E1 - Relationships,IMG_4136.HEIC,1,Q1: 39 | Q2: Female | Q3: Reno | Q4: 1 | Q5: no | Q6: yes - amazing! So much fun exploring together but also apart | Q7: Some :),39,Female,Reno,1,no,yes - amazing! So much fun exploring together but also apart,Some :),,,,39,F,1,Local/West,Virgin
2025 Field Notes Images,E1 - Relationships,IMG_4140.HEIC,1,Q1: 58 | Q2: M | Q3: CARSON CITY NV | Q4: 7TH BURN! | Q5: NO NEW LOVE | Q6: NO PERMANENT LOU + | Q7: DEFINITES RECOMENA BRINGING YOUR PARTNER(S) | Q8: NO DIFFERECE WITH ROMANTIC ENTANGEMENTS IHRE OR. | Q9: DEFALT,58,M,CARSON CITY NV,7TH BURN!,NO NEW LOVE,NO PERMANENT LOU +,DEFINITES RECOMENA BRINGING YOUR PARTNER(S) NO DIFFERECE WITH ROMANTIC ENTANGEMENTS IHRE OR. DEFALT,,,,58,M,7,Local/West,Veteran
2025 Field Notes Images,B2 - Survival,IMG_4021.HEIC,1,Q1: 37 | Q2: [Blank] | Q3: NY | Q4: 1 | Q5: Pandaid | Q6: [Blank] | Q7: [Blank] | Q8: rely on the emotional/joyous vibes of my community (4) helping provide shade,37,[Blank],NY,1,Pandaid,[Blank],[Blank],rely on the emotional/joyous vibes of my community (4) helping provide shade,,,37,O,1,US Other,Virgin
2025 Field Notes Images,B2 - Survival,IMG_4021.HEIC,2,Q1: 34 | Q2: m | Q3: Eiko NU | Q4: 7 | Q5: myself | Q6: nail clippers (you'd be surprised at how versatile of a tool those are) | Q7: 14 | Q8: I look out for others & in turn the playa has always found a way to provide in return,34,m,Eiko NU,7,myself,nail clippers (you'd be surprised at how versatile of a tool those are),14,I look out for others & in turn the playa has always found a way to provide in return,,,34,M,7,US Other,Veteran
2025 Field Notes Images,B2 - Survival,IMG_4021.HEIC,3,"Q1: 39 | Q2: M | Q3: GRADADA, SPAIN | Q4: 9 | Q5: Camelbak | Q6: Pepto bismod & Tequila | Q7: 15 | Q8: Accept offerings in given and help in return.",39,M,"GRADADA, SPAIN",9,Camelbak,Pepto bismod & Tequila,15,Accept offerings in given and help in return.,,,39,M,9,US Other,Veteran
2025 Field Notes Images,E1 - Relationships,IMG_4141.HEIC,1,Q1: 39 | Q2: Male | Q3: Canada | Q4: 1 | Q5: No | Q6: Yes | Q7: orgy | Q8: dome,39,Male,Canada,1,No,Yes,orgy dome,,,,39,M,1,Local/West,Virgin
2025 Field Notes Images,E1 - Relationships,IMG_4141.HEIC,2,Q1: 33 | Q2: Female | Q3: Canada | Q4: 1 | Q5: No | Q6: Yes | Q7: orgy | Q8: dome,33,Female,Canada,1,No,Yes,orgy dome,,,,33,F,1,Local/West,Virgin
2025 Field Notes Images,E1 - Relationships,IMG_4141.HEIC,3,Q1: 40 | Q2: Female | Q3: Canada | Q4: 3 | Q5: No | Q6: Yes | Q7: agr | Q8: Dome,40,Female,Canada,3,No,Yes,agr Dome,,,,40,F,3,Local/West,Sophomore
2025 Field Notes Images,E1 - Relationships,IMG_4141.HEIC,4,Q1: 40 | Q2: Male | Q3: Canada | Q4: 3 | Q5: No | Q6: No | Q7: Done | Q8: Done,40,Male,Canada,3,No,No,Done Done,,,,40,M,3,Local/West,Sophomore
2025 Field Notes Images,E1 - Relationships,IMG_4131.HEIC,1,"Q1: 38 | Q2: F | Q3: Nashville, In | Q4: 1 | Q5: no | Q6: yes. my partner has jained I love being I here here with me. my pastier. We are a great team and make life mare fun together we are so used to. burning together things rin smoothly. If you bring your romantic partner with you comnunicate everything before coming Jalk about lagistics, planning, food... evenjting Have patience for each ather. | Q7: On playa me tap into the fun side of life way mare.",38,F,"Nashville, In",1,no,"yes. my partner has jained I love being I here here with me. my pastier. We are a great team and make life mare fun together we are so used to. burning together things rin smoothly. If you bring your romantic partner with you comnunicate everything before coming Jalk about lagistics, planning, food... evenjting Have patience for each ather.",On playa me tap into the fun side of life way mare.,,,,38,F,1,US Other,Virgin
2025 Field Notes Images,E1 - Relationships,IMG_4129.HEIC,1,No entries found,,,,,,,,,,,,U,,Unknown,Unknown
2025 Field Notes Images,E1 - Relationships,IMG_4132.HEIC,1,Q1: 63 | Q2: Female | Q3: Australia | Q4: [Illegible] | Q5: No | Q6: [Blank] | Q7: [Blank],63,Female,Australia,[Illegible],No,[Blank],[Blank],,,,63,F,,International,Unknown
2025 Field Notes Images,E1 - Relationships,IMG_4132.HEIC,2,Q1: [Illegible] | Q2: [Illegible] | Q3: Perfect until dust man | Q4: This year (Exploding yurt man!) | Q5: [Blank] | Q6: [Blank] | Q7: [Blank],[Illegible],[Illegible],Perfect until dust man,This year (Exploding yurt man!),[Blank],[Blank],[Blank],,,,,O,,US Other,Unknown
2025 Field Notes Images,E1 - Relationships,IMG_4135.HEIC,1,"Q1: 25 | Q2: M | Q3: Nomadic/Seattle | Q4: 2 | Q5: No | Q6: Yes, sucked. So Jealors & She was too experinced | Q7: 20 | Q8: Camp Contact, Fando encounters hope within this container of curiaus futurism",25,M,Nomadic/Seattle,2,No,"Yes, sucked. So Jealors & She was too experinced","20 Camp Contact, Fando encounters hope within this container of curiaus futurism",,,,25,M,2,US Other,Sophomore
2025 Field Notes Images,E1 - Relationships,IMG_4138.HEIC,1,Q1: 64 | Q2: F | Q3: Canada | Q4: 11 | Q5: no | Q6: no | Q7: they are not,64,F,Canada,11,no,no,they are not,,,,64,F,11,Local/West,Elder
2025 Field Notes Images,E1 - Relationships,IMG_4134.HEIC,1,Q1: 30 | Q2: W | Q3: In my Lan | Q4: 1 | Q5: not yet | Q6: nope | Q7: not sure,30,W,In my Lan,1,not yet,nope,not sure,,,,30,O,1,Local/West,Virgin
2025 Field Notes Images,E1 - Relationships,IMG_4133.HEIC,1,"Q1: 38 | Q2: Male | Q3: Hawaii | Q4: 6 | Q5: Yes. I fell in love w/a campmate 2yours ago and we've been together smce. | Q6: Yes. My first year I was here w/ a different partner and I would have taken move opportunities to do things on my own. I would recommend this to any couple on playa. | Q7: theque move compatible on Playa. We already have so much m common,",38,Male,Hawaii,6,Yes. I fell in love w/a campmate 2yours ago and we've been together smce.,Yes. My first year I was here w/ a different partner and I would have taken move opportunities to do things on my own. I would recommend this to any couple on playa.,"theque move compatible on Playa. We already have so much m common,",,,,38,M,6,US Other,Veteran
2025 Field Notes Images,E1 - Relationships,IMG_4142.HEIC,1,"Q1: 33 | Q2: F | Q3: Nomad | OC CA | Q4: 4 | Q5: No | Q6: Married 6 yrs, together 15. Only ever been together to BM. Love it! Bring patience & compromise | Q7: NA",33,F,Nomad | OC CA,4,No,"Married 6 yrs, together 15. Only ever been together to BM. Love it! Bring patience & compromise",NA,,,,33,F,4,Local/West,Veteran
2025 Field Notes Images,D1 - Boundaries of Humanity,IMG_4116.HEIC,1,Q1: 33 | Q2: WORAN | Q3: ITALY | Q4: FIRST TIME | Q5: HEMPATY ? | Q6: CONNECTING EMOTION | Q7: Never | Q8: PAll in love | Q9: OPEN FIEANT,33,WORAN,ITALY,FIRST TIME,HEMPATY ?,CONNECTING EMOTION,Never,PAll in love,OPEN FIEANT,,33,O,1,US Other,Virgin
2025 Field Notes Images,E1 - Relationships,IMG_4139.HEIC,1,"Q1: 33 | Q2: F | Q3: 124c4 | Q4: 1° st line | Q5: yes I Foll in love how with | Q6: [Blank] | Q7: 50 intense relationscup, o real",33,F,124c4,1° st line,yes I Foll in love how with,[Blank],"50 intense relationscup, o real",,,,33,F,1,US Other,Virgin
2025 Field Notes Images,D1 - Boundaries of Humanity,IMG_4121.HEIC,1,"Q1: 38 | Q2: Male | Q3: East Los Angeles | Q4: First | Q5: Self-Aware | Q6: Nuances | Q7: We did, why not them? | Q8: The limits of time. | Q9: I love this Place.",38,Male,East Los Angeles,First,Self-Aware,Nuances,"We did, why not them?",The limits of time.,I love this Place.,,38,M,1,Local/West,Virgin
2025 Field Notes Images,D1 - Boundaries of Humanity,IMG_4120.HEIC,1,Q1: 9/5 | Q2: 6 | Q3: 6 | Q4: [Blank] | Q5: Build | Q6: Mexico | Q7: [Blank],9/5,6,6,[Blank],Build,Mexico,[Blank],,,,9,O,,US Other,Unknown
2025 Field Notes Images,D1 - Boundaries of Humanity,IMG_4117.HEIC,1,"Q1: 38 | Q2: F | Q3: Seattle, WA | Q4: Since 2015 (8 yrs) | Q5: The ability to change our own enviroment, behaviours, and other organisms | Q6: A heart, compassion | Q7: Close to but not 100%. | Q8: Different types of love; agape, romantic, etc. | Q9: I'm a mother, and fulltime worker w/ progressive views. I embrace change and artificial intelligence.",38,F,"Seattle, WA",Since 2015 (8 yrs),"The ability to change our own enviroment, behaviours, and other organisms","A heart, compassion",Close to but not 100%.,"Different types of love; agape, romantic, etc.","I'm a mother, and fulltime worker w/ progressive views. I embrace change and artificial intelligence.",,38,F,2015,US Other,Elder
2025 Field Notes Images,D1 - Boundaries of Humanity,IMG_4128.HEIC,1,"Q1: 49 | Q2: Male | Q3: Reno, NJ | Q4: 15 | Q5: Creativity, Agency, LOVE | Q6: AI is still dependent on computers to ran on | Q7: Maybe one day. Has to evolve Death is what forces introspection | Q8: Introspection, Reflection, Mortality | a) I believe we will see AGI in 10 years.",49,Male,"Reno, NJ",15,"Creativity, Agency, LOVE",AI is still dependent on computers to ran on,Maybe one day. Has to evolve Death is what forces introspection,"Introspection, Reflection, Mortality | a) I believe we will see AGI in 10 years.",,,49,M,15,Local/West,Elder
2025 Field Notes Images,D1 - Boundaries of Humanity,IMG_4112.HEIC,1,No entries found,,,,,,,,,,,,U,,Unknown,Unknown
2025 Field Notes Images,D1 - Boundaries of Humanity,IMG_4126.HEIC,1,"Q1: 1.35 | Q2: mahe | Q3: Rao, Nonde | Q4: first time | Q5: Consciousness | Q6: chemical driven us. dato drives | Q7: possibly | Q8: enoyers | Q9: No",1.35,mahe,"Rao, Nonde",first time,Consciousness,chemical driven us. dato drives,possibly,enoyers,No,,1,O,1,US Other,Virgin
2025 Field Notes Images,D1 - Boundaries of Humanity,IMG_4127.HEIC,1,Q1: 40 | Q2: F | Q3: 48K | Q4: 3 | Q5: honesty | Q6: physical touch,40,F,48K,3,honesty,physical touch,,,,,40,F,3,US Other,Sophomore
2025 Field Notes Images,D1 - Boundaries of Humanity,IMG_4127.HEIC,2,"Q1: 43 | Q2: M | Q3: 48K | Q4: 1 | Q5: No, Not yet | Q6: human Connection, family | Q7: Loss",43,M,48K,1,"No, Not yet","human Connection, family",Loss,,,,43,M,1,US Other,Virgin
2025 Field Notes Images,D1 - Boundaries of Humanity,IMG_4113.HEIC,1,Q1: 29 | Q2: F | Q3: Re | Q4: 2 | Q5: 10 | Q6: G | Q7: no | Q8: se | Q9: J,29,F,Re,2,10,G,no,se,J,,29,F,2,US Other,Sophomore
2025 Field Notes Images,D1 - Boundaries of Humanity,IMG_4125.HEIC,1,Q1: 44 | Q2: Male | Q3: Nevada | Q4: 1x | Q5: [Blank] | Q6: Flesh | Q7: No | Q8: No,44,Male,Nevada,1x,[Blank],Flesh,No,No,,,44,M,1,Local/West,Virgin
2025 Field Notes Images,D1 - Boundaries of Humanity,IMG_4118.HEIC,1,"Q1: 1.34 | Q2: F | Q3: Oakland, CA | Q4: 4 | Q5: Clothing | Q6: Consciousness | Q7: Define 'moras with: possibly, depending. | Q8: Crying for so many reasons; genuine tenderness | Q9: I am actively practicing attending; attuning b, better (more skillfully) manager internal, emotional, psychological, intrapsychic boundaries. so difficult for me.",1.34,F,"Oakland, CA",4,Clothing,Consciousness,"Define 'moras with: possibly, depending.",Crying for so many reasons; genuine tenderness,"I am actively practicing attending; attuning b, better (more skillfully) manager internal, emotional, psychological, intrapsychic boundaries. so difficult for me.",,1,F,4,Local/West,Veteran
2025 Field Notes Images,D1 - Boundaries of Humanity,IMG_4114.HEIC,1,"Q1: 39 | Q2: How dare you ask | Q3: I live wherever the wind takes me | Q4: One | Q5: Intelligence, | Q6: Ability to absorb substances leading to terrible decisions | Q7: Ya, human bar of morality is low | Q8: Watching Mahomes become the greatest athlete of all time | Q9: Way too much of a capitalist to fit in here. I think I did my best.",39,How dare you ask,I live wherever the wind takes me,One,"Intelligence,",Ability to absorb substances leading to terrible decisions,"Ya, human bar of morality is low",Watching Mahomes become the greatest athlete of all time,Way too much of a capitalist to fit in here. I think I did my best.,,39,O,,US Other,Unknown
2025 Field Notes Images,D1 - Boundaries of Humanity,IMG_4119.HEIC,1,"Q1: 33 | Q2: 7 | Q3: Honolulu | Q4: 6 | Q5: communication, sicial banding | Q6: [Blank] | Q7: [Blank]",33,7,Honolulu,6,"communication, sicial banding",[Blank],[Blank],,,,33,O,6,US Other,Veteran
2025 Field Notes Images,D1 - Boundaries of Humanity,IMG_4122.HEIC,1,"Q1: 25 | Q2: M | Q3: Roaming around Scattle | Q4: 2 | Q5: Imaginative compassion Managerial follanthrough creativity | Q6: Relateability to other humans, derived of the samp code as other lifelorusion earth | Q7: If designed specifically as such especially with specialized memer Contett | Q8: This kind of global & etishuntin responsibility yet also on mystery of ove anes/heliacanthitom | Q9: I mark interseil w/ AT& Living Energy Farm ~",25,M,Roaming around Scattle,2,Imaginative compassion Managerial follanthrough creativity,"Relateability to other humans, derived of the samp code as other lifelorusion earth",If designed specifically as such especially with specialized memer Contett,This kind of global & etishuntin responsibility yet also on mystery of ove anes/heliacanthitom,I mark interseil w/ AT& Living Energy Farm ~,,25,M,2,Local/West,Sophomore
2025 Field Notes Images,D1 - Boundaries of Humanity,IMG_4123.HEIC,1,"Q1: 41 | Q2: MALE | Q3: HALIFAX, NOVA SCOTIA, | Q4: VIRGIN. | Q5: WE ARE ALL ANIMALS | Q6: HUMAN EMOTION. | Q7: No | Q8: HUMAN EXPERIENCES, LOVE MAKING ADRELIN SEEKING PURSUITS | Q9: No",41,MALE,"HALIFAX, NOVA SCOTIA,",VIRGIN.,WE ARE ALL ANIMALS,HUMAN EMOTION.,No,"HUMAN EXPERIENCES, LOVE MAKING ADRELIN SEEKING PURSUITS",No,,41,M,1,US Other,Virgin
2025 Field Notes Images,D1 - Boundaries of Humanity,IMG_4115.HEIC,1,"Q1: 42 | Q2: F | Q3: Longmont, co | Q4: 6 | Q5: none really, just diff ways of communicating | Q6: emotion | Q7: yes? maybe? can you teach a machine to love? | Q8: Spontaneous creativity perhaps but I also don't understand emmel perspectives | Q9: I'm a developmental psychologist so believe in the power of unique experiences to shape lives",42,F,"Longmont, co",6,"none really, just diff ways of communicating",emotion,yes? maybe? can you teach a machine to love?,Spontaneous creativity perhaps but I also don't understand emmel perspectives,I'm a developmental psychologist so believe in the power of unique experiences to shape lives,,42,F,6,US Other,Veteran
2025 Field Notes Images,C1 - Emotions & Experiences,IMG_4090.HEIC,1,Q1: 30 | Q2: M | Q3: California | Q4: 2 | Q5: People not looking to connect | Q6: People correcting & helping out | Q7: overwhelmingly positive | Q8: My Corp mote Per | Q9: Nothing | Q10: Burnig Man,30,M,California,2,People not looking to connect,People correcting & helping out,overwhelmingly positive,My Corp mote Per,Nothing,Burnig Man,30,M,2,Local/West,Sophomore
2025 Field Notes Images,C1 - Emotions & Experiences,IMG_4091.HEIC,1,"Q1: 37 | Q2: Female | Q3: Denver, Co | Q4: 3 | Q5: Not listening to what you want to do sleep. go to deep playa solo, see a DJ-not hononny you own wants makes you sad | Q6: Giving - creating an unexpected experience for others | Q7: Love | Q8: Chicken Ranch art piece | Q9: Eating my first hotdog they alluded me until WED! | Q10: Standing at the Trash Fence in the middle of the night looking at the stars (& licking her of course)",37,Female,"Denver, Co",3,"Not listening to what you want to do sleep. go to deep playa solo, see a DJ-not hononny you own wants makes you sad",Giving - creating an unexpected experience for others,Love,Chicken Ranch art piece,Eating my first hotdog they alluded me until WED!,Standing at the Trash Fence in the middle of the night looking at the stars (& licking her of course),37,F,3,Local/West,Sophomore
2025 Field Notes Images,C1 - Emotions & Experiences,IMG_4086.HEIC,1,"Q1: 44 | Q2: F | Q3: Santa Cruz, CA | Q4: one time :) | Q5: ? | Q6: Planning and letting go of expectations | Q7: Excitement, curiosity, confidence | Q8: Seeing some of the creative mutant vehicles. Meeting new friends on Thursdays",44,F,"Santa Cruz, CA",one time :),?,Planning and letting go of expectations,"Excitement, curiosity, confidence",Seeing some of the creative mutant vehicles. Meeting new friends on Thursdays,,,44,F,,Local/West,Unknown
2025 Field Notes Images,C1 - Emotions & Experiences,IMG_4086.HEIC,2,"Q9: I retired after 33 years as a psychologist, Sad to say goodbye to an amazing life gig but ready to see what's next. Bm is: See, she is not. I'm is my Daunch to how and what I next | Q10: The playa in general, experience !!",,,,,,,,,"I retired after 33 years as a psychologist, Sad to say goodbye to an amazing life gig but ready to see what's next. Bm is: See, she is not. I'm is my Daunch to how and what I next","The playa in general, experience !!",,U,,Unknown,Unknown
2025 Field Notes Images,C1 - Emotions & Experiences,IMG_4107.HEIC,1,No entries found,,,,,,,,,,,,U,,Unknown,Unknown
2025 Field Notes Images,C1 - Emotions & Experiences,IMG_4087.HEIC,1,"Q1: 1-68 | Q2: M | Q3: Santa Cruz, CA | Q4: 3 | Q5: Noise-camp INVASION, Moving Into our Bouneries | Q6: The People-So inclusive, Kind generous. happy | Q7: Happiness and Awe-love | Q8: Costumes | Q9: Nothing | Q10: Se Hing & lange installations",1-68,M,"Santa Cruz, CA",3,"Noise-camp INVASION, Moving Into our Bouneries","The People-So inclusive, Kind generous. happy",Happiness and Awe-love,Costumes,Nothing,Se Hing & lange installations,1,M,3,Local/West,Sophomore
2025 Field Notes Images,C1 - Emotions & Experiences,IMG_4096.HEIC,1,"Q1: 63 | Q2: Woman | Q3: Lincoln, U.K. | Q4: 1 | Q5: N/A | Q6: N/A | Q7: MostAll emotions - Sadness, fear, love, joy, laughter, annoyance, disappoint, hurt, rejection, inclusion, community connectedness | Q8: People's passport photos-some visitors showed me their BRC passport Pichues. | Q9: Talking with camp mates about so many things | Q10: The mountains round and round.",63,Woman,"Lincoln, U.K.",1,N/A,N/A,"MostAll emotions - Sadness, fear, love, joy, laughter, annoyance, disappoint, hurt, rejection, inclusion, community connectedness",People's passport photos-some visitors showed me their BRC passport Pichues.,Talking with camp mates about so many things,The mountains round and round.,63,F,1,US Other,Virgin
2025 Field Notes Images,C1 - Emotions & Experiences,IMG_4101.HEIC,1,"Q1: 22 | Q2: Female | Q3: Oakland, CA, USA | Q4: First time! | Q5: My parents are uptight. | Q6: My boyfriend loves it here. It's his second time. The corporate world/capitalism weighs us down & things like Burning Man build you back up. | Q7: Grief, happiness, Consen | Q8: My amazing boyfriend | Q9: Anxiety | Q10: playa art & cool designs",22,Female,"Oakland, CA, USA",First time!,My parents are uptight.,My boyfriend loves it here. It's his second time. The corporate world/capitalism weighs us down & things like Burning Man build you back up.,"Grief, happiness, Consen",My amazing boyfriend,Anxiety,playa art & cool designs,22,F,1,Local/West,Virgin
2025 Field Notes Images,C1 - Emotions & Experiences,IMG_4106.HEIC,1,"Q1: 39 | Q2: Non-Binary | Q3: Las Vegas, NV | Q4: 11 (eleven) | Q5: The people always save what the BORG fails to provide. But what ruins BM is rising ticket prices and a lack of community awareness. | Q6: The people who build and create this experience, the TCO, the artist fighting for the grant, the veteran burners looking out for virgin burners. | Q7: All emotions. It rains, it shines, lines are long, bathrooms smell, coffee is plentiful, life is short. Life is beautiful. | Q8: My partner, she's hilarious and a space of tremendous joy for me and others. | Q9: My friend has stage 3 breast cancer, so many notes in the temple about cancer. A possibility I can't make space",39,Non-Binary,"Las Vegas, NV",11 (eleven),The people always save what the BORG fails to provide. But what ruins BM is rising ticket prices and a lack of community awareness.,"The people who build and create this experience, the TCO, the artist fighting for the grant, the veteran burners looking out for virgin burners.","All emotions. It rains, it shines, lines are long, bathrooms smell, coffee is plentiful, life is short. Life is beautiful.","My partner, she's hilarious and a space of tremendous joy for me and others.","My friend has stage 3 breast cancer, so many notes in the temple about cancer. A possibility I can't make space",,39,NB,11,Local/West,Elder
2025 Field Notes Images,C1 - Emotions & Experiences,IMG_4097.HEIC,1,Q1: 39 | Q2: Male | Q3: Bend OR | Q4: THREE | Q5: Expectators/knowledge off prior to | Q6: Getting folks out of confront Athaly Zore. Interesting community literature | Q7: All of them! | Q8: The roads | Q9: My partners sadness | Q10: The Weather,39,Male,Bend OR,THREE,Expectators/knowledge off prior to,Getting folks out of confront Athaly Zore. Interesting community literature,All of them!,The roads,My partners sadness,The Weather,39,M,,US Other,Unknown
2025 Field Notes Images,C1 - Emotions & Experiences,IMG_4097.HEIC,2,Q1: 46 | Q2: [Blank] | Q3: [Blank] | Q4: [Blank] | Q5: [Blank] | Q6: [Blank] | Q7: [Blank] | Q8: [Blank] | Q9: [Blank] | Q10: [Blank],46,[Blank],[Blank],[Blank],[Blank],[Blank],[Blank],[Blank],[Blank],[Blank],46,O,,Local/West,Unknown
2025 Field Notes Images,C1 - Emotions & Experiences,IMG_4111.HEIC,1,"Q1: 1, 24 | Q2: F | Q3: Oakland, CA | Q4: 4 | Q5: FOMO, camp drama, limited modlity | Q6: Feeling connected to lafor others; Sychroniuty, manifesting, bery u ppl ce for who are cac for you You love | Q7: Joy, gratitude, annoyance, fustration, grief, eagerness, emitement, nerasnes, alokuara / discomfort | Q8: Nf sure ile realny laughed yet today | Q9: Hearing / withall 3 pmeore disus, ther childhood thera | Q10: siery camps; wandling asos the offeny","1, 24",F,"Oakland, CA",4,"FOMO, camp drama, limited modlity","Feeling connected to lafor others; Sychroniuty, manifesting, bery u ppl ce for who are cac for you You love","Joy, gratitude, annoyance, fustration, grief, eagerness, emitement, nerasnes, alokuara / discomfort",Nf sure ile realny laughed yet today,"Hearing / withall 3 pmeore disus, ther childhood thera",siery camps; wandling asos the offeny,1,F,4,Local/West,Veteran
2025 Field Notes Images,C1 - Emotions & Experiences,IMG_4098.HEIC,1,Q1: 46 | Q2: M | Q3: Mexico | Q4: [Blank] | Q5: shitty attitudes & lack of resilience (and drunk people) | Q6: [Blank] | Q7: Contentedness | Q8: [Illegible] | Q9: [Illegible] | Q10: the playa not spectacle,46,M,Mexico,[Blank],shitty attitudes & lack of resilience (and drunk people),[Blank],Contentedness,[Illegible],[Illegible],the playa not spectacle,46,M,,US Other,Unknown
2025 Field Notes Images,C1 - Emotions & Experiences,IMG_4108.HEIC,1,"Q1: 44 | Q2: Female | Q3: Los Angeles (Burbank) | Q4: 2 | Q5: Me being in my head /overthinking | Q6: Dropping into my heart. The cuty comy alive. Miciodose of MOMA. | Q7: All of them. Compnes, joy, mardes sadums, guiet, Londres, thepers. grondelns, ease | Q8: Not sure yet tokary but a fumy failed. group photo atteypt lat right. | Q9: Somuone telling me I'n beautifel | Q10: Th addere at cars. ad The golder dragon ones.",44,Female,Los Angeles (Burbank),2,Me being in my head /overthinking,Dropping into my heart. The cuty comy alive. Miciodose of MOMA.,"All of them. Compnes, joy, mardes sadums, guiet, Londres, thepers. grondelns, ease",Not sure yet tokary but a fumy failed. group photo atteypt lat right.,Somuone telling me I'n beautifel,Th addere at cars. ad The golder dragon ones.,44,F,2,Local/West,Sophomore
2025 Field Notes Images,C1 - Emotions & Experiences,IMG_4083.HEIC,1,No entries found,,,,,,,,,,,,U,,Unknown,Unknown
2025 Field Notes Images,C1 - Emotions & Experiences,IMG_4105.HEIC,1,"Q1: 40 | Q2: female | Q3: Las Vegas | Q4: 3 | Q5: the conditions/ the cliqueness of recent times | Q6: the neighbors | Q7: live, community, creativity | Q8: Where's Waldo nipple stamp | Q9: Will neighbor get trafficed from man she just met? | Q10: the porcupine Quill game",40,female,Las Vegas,3,the conditions/ the cliqueness of recent times,the neighbors,"live, community, creativity",Where's Waldo nipple stamp,Will neighbor get trafficed from man she just met?,the porcupine Quill game,40,F,3,Local/West,Sophomore
2025 Field Notes Images,C1 - Emotions & Experiences,IMG_4104.HEIC,1,"Q1: 48 (Feel like 27) | Q2: Male | Q3: San Francisco | Q4: I wanted to be her for my 7x7=49 Birthday in September | Q5: Not sure yet | Q6: Connection, spiritually | Q7: Loneliness, missing my puppy Chiko who just passed | Q8: Argentineans, Venezuelans | Q9: The death of my pupie Chiko | Q10: Seeing the city at night",48 (Feel like 27),Male,San Francisco,I wanted to be her for my 7x7=49 Birthday in September,Not sure yet,"Connection, spiritually","Loneliness, missing my puppy Chiko who just passed","Argentineans, Venezuelans",The death of my pupie Chiko,Seeing the city at night,48,M,7,Local/West,Veteran
2025 Field Notes Images,C1 - Emotions & Experiences,IMG_4094.HEIC,1,Q1: [Blank] | Q2: M | Q3: CONNECTICCO USA | Q4: 2 | Q5: Name of parent to know about | Q6: People don't know their lumits | Q7: Others who ave veterans who help you be open to experiences,[Blank],M,CONNECTICCO USA,2,Name of parent to know about,People don't know their lumits,Others who ave veterans who help you be open to experiences,,,,,M,2,US Other,Sophomore
2025 Field Notes Images,C1 - Emotions & Experiences,IMG_4094.HEIC,2,"Q1: [Blank] | Q2: [Blank] | Q3: [Blank] | Q4: [Blank] | Q5: [Blank] | Q6: [Blank] | Q7: Happiness, love, longius, and I miss the homm | Q8: My friends berus silly | Q9: My friends being kind. | Q10: The enormity of this place - how disparater but the summ call at one",[Blank],[Blank],[Blank],[Blank],[Blank],[Blank],"Happiness, love, longius, and I miss the homm",My friends berus silly,My friends being kind.,The enormity of this place - how disparater but the summ call at one,,O,,Local/West,Unknown
2025 Field Notes Images,C1 - Emotions & Experiences,IMG_4099.HEIC,1,"Q1: 35 | Q2: Mode | Q3: Denver | Q4: 4 | Q5: No Onient | Q6: Frank | Q7: Joy, het, Pleasuly | Q8: Date Gay | Q9: Mone Peelber | Q10: Caps",35,Mode,Denver,4,No Onient,Frank,"Joy, het, Pleasuly",Date Gay,Mone Peelber,Caps,35,O,4,Local/West,Veteran
2025 Field Notes Images,C1 - Emotions & Experiences,IMG_4092.HEIC,1,Q1: 39 | Q2: M | Q3: Oakland CA | Q4: 9 | Q5: Lack of adherence to principles | Q6: All of | Q7: Joy. grief lave | Q8: A ridiculous ant ca | Q9: The temple | Q10: The temph,39,M,Oakland CA,9,Lack of adherence to principles,All of,Joy. grief lave,A ridiculous ant ca,The temple,The temph,39,M,9,Local/West,Veteran
2025 Field Notes Images,C1 - Emotions & Experiences,IMG_4084.HEIC,1,No entries found,,,,,,,,,,,,U,,Unknown,Unknown
2025 Field Notes Images,C1 - Emotions & Experiences,IMG_4100.HEIC,1,"Q1: 45 | Q2: Female | Q3: Star, Idaho | Q4: once | Q5: disgusting portos | Q6: The 10 principles | Q7: I experienced all of the emotions | Q8: Visiting with my best friend | Q9: not being able to let go of my defuntt programming | Q10: The many layers of unexpected Objects, werts, ideas, aut for example Sky divers at the Sunrise I sat in the deep playa",45,Female,"Star, Idaho",once,disgusting portos,The 10 principles,I experienced all of the emotions,Visiting with my best friend,not being able to let go of my defuntt programming,"The many layers of unexpected Objects, werts, ideas, aut for example Sky divers at the Sunrise I sat in the deep playa",45,F,1,US Other,Virgin
2025 Field Notes Images,C1 - Emotions & Experiences,IMG_4095.HEIC,1,"Q1: 39 | Q2: Male | Q3: Canada | Q4: I can't see, in the rust | Q5: The intricacys of the Plave wooks | Q6: All of you | Q7: Inspiration Juss | Q8: Moist | Q9: Rufus De Sol | Q10: ACID",39,Male,Canada,"I can't see, in the rust",The intricacys of the Plave wooks,All of you,Inspiration Juss,Moist,Rufus De Sol,ACID,39,M,,Local/West,Unknown
2025 Field Notes Images,C1 - Emotions & Experiences,IMG_4095.HEIC,2,"Q1: 33 | Q2: Female | Q3: Canada | Q4: 1 | Q5: stinkay | Q6: orgr Dome | Q7: Horny, and Horuviand | Q8: vorce Horny | Q9: Rufus Desol No crying | Q10: ACID Climbing the Hearts",33,Female,Canada,1,stinkay,orgr Dome,"Horny, and Horuviand",vorce Horny,Rufus Desol No crying,ACID Climbing the Hearts,33,F,1,Local/West,Virgin
2025 Field Notes Images,C1 - Emotions & Experiences,IMG_4095.HEIC,3,Q1: 40 | Q2: MALE | Q3: Canada | Q4: 3 | Q5:  | Q6:  | Q7: Horny. exciting | Q8: Im a man | Q9: ACID Driving | Q10: Deep Plkova,40,MALE,Canada,3,,,Horny. exciting,Im a man,ACID Driving,Deep Plkova,40,M,3,Local/West,Sophomore
2025 Field Notes Images,C1 - Emotions & Experiences,IMG_4109.HEIC,1,"Q1: 41 | Q2: Female | Q3: Reno | Q4: 7 | Q5: Exhaustion, resentment of ""freshies"" rolling in late in the week, not helping. Weather. | Q6: Surprise food, gifts, conversations, art, community - time w/ husband | Q7: Excitement, annoyance, happiness, sadness, resentment, exhaustion | Q8: Camp mates | Q9: Feeling like I wouldn't get to spend time with my husband. | Q10: Performance @11:11 on Fri 36 Logistics of Brc",41,Female,Reno,7,"Exhaustion, resentment of ""freshies"" rolling in late in the week, not helping. Weather.","Surprise food, gifts, conversations, art, community - time w/ husband","Excitement, annoyance, happiness, sadness, resentment, exhaustion",Camp mates,Feeling like I wouldn't get to spend time with my husband.,Performance @11:11 on Fri 36 Logistics of Brc,41,F,7,Local/West,Veteran
2025 Field Notes Images,C1 - Emotions & Experiences,IMG_4109.HEIC,2,"Q1: 45 | Q2: Male | Q3: Reno | Q4: 4 | Q5: Weather, working too much, loneliness | Q6: People connection | Q7: Fear, loneliness, joy, compassion | Q8: Awaiting laughter today | Q9: Don't cry | Q10: the $people spend w/o return",45,Male,Reno,4,"Weather, working too much, loneliness",People connection,"Fear, loneliness, joy, compassion",Awaiting laughter today,Don't cry,the $people spend w/o return,45,M,4,Local/West,Veteran
2025 Field Notes Images,C1 - Emotions & Experiences,IMG_4102.HEIC,1,"Q1: 33 | Q2: F | Q3: Nomadl Orange County | Q4: 4 | Q5: Bad weather, rain | Q6: fun experiences | Q7: Joy, fulfillment, exhaustion | Q8: Chicken ranch | Q9: writing a name in temple for the 1st time | Q10: Seeing all the creativity",33,F,Nomadl Orange County,4,"Bad weather, rain",fun experiences,"Joy, fulfillment, exhaustion",Chicken ranch,writing a name in temple for the 1st time,Seeing all the creativity,33,F,4,US Other,Veteran
2025 Field Notes Images,C1 - Emotions & Experiences,IMG_4088.HEIC,1,Q1: 60 | Q2: TRANS FEMALE | Q3: CENTRAL OREGOIN | Q4: 7 | Q5: UNPREPARED | Q6: COLLECTIVE COOPERATION | Q7: ALL OF THEM | Q8: THE ABSURDITY | Q9: THE NONTON DESTRUCTION | Q10: THE RESILIENCE !!,60,TRANS FEMALE,CENTRAL OREGOIN,7,UNPREPARED,COLLECTIVE COOPERATION,ALL OF THEM,THE ABSURDITY,THE NONTON DESTRUCTION,THE RESILIENCE !!,60,O,7,US Other,Veteran
2025 Field Notes Images,C1 - Emotions & Experiences,IMG_4089.HEIC,1,Q1: 34 | Q2: MALE | Q3: HOUSTON | Q4: #9 | Q5: FOLICE People who DO NOT want TO BE HELE | Q6: Pranks | Q7: the propre who do want jobe heme | Q8: Souk Juice | Q9: my Brother Not being heve | Q10: Art CARS,34,MALE,HOUSTON,#9,FOLICE People who DO NOT want TO BE HELE,Pranks,the propre who do want jobe heme,Souk Juice,my Brother Not being heve,Art CARS,34,M,9,US Other,Veteran
2025 Field Notes Images,C1 - Emotions & Experiences,IMG_4103.HEIC,1,"Q1: 28 | Q2: female & whatever | Q3: Las vegar | Q4: 3 | Q5: Bad attitude, individualm entitlement | Q6: flexibility | Q7: all | Q8: penis stamp | Q9: sex (or lack thereof) | Q10: the playa providing",28,female & whatever,Las vegar,3,"Bad attitude, individualm entitlement",flexibility,all,penis stamp,sex (or lack thereof),the playa providing,28,O,3,Local/West,Sophomore
2025 Field Notes Images,C1 - Emotions & Experiences,IMG_4093.HEIC,1,"Q1: 73 | Q2: M | Q3: MAUI HI | Q4: 1 | Q5: Losing My Group when I Needed Support | Q6: Support from random & heaven people | Q7: Love, Cabin Fever in wind/Rain. Happy, Chilling, missing my mate and dog | Q8: People hanging in Census Lounge | Q9: Remembrance of the Temple | Q10: Late Night Player & Storms. Resiliency of thr Rain after",73,M,MAUI HI,1,Losing My Group when I Needed Support,Support from random & heaven people,"Love, Cabin Fever in wind/Rain. Happy, Chilling, missing my mate and dog",People hanging in Census Lounge,Remembrance of the Temple,Late Night Player & Storms. Resiliency of thr Rain after,73,M,1,US Other,Virgin
2025 Field Notes Images,F2 - Diversity & Inclusion,IMG_4047.HEIC,1,No entries found,,,,,,,,,,,,U,,Unknown,Unknown
2025 Field Notes Images,C1 - Emotions & Experiences,IMG_4085.HEIC,1,"Q1: 31 | Q2: Male | Q3: USA/WBronson/Travel alot | Q4: 3 | Q5: Lack of sleep, imbalanced chemicals, dehydration, hary to purp | Q6: Muxe Rat montes Kem happy. Going at a Jerundly pace. Beay specole abant what you want | Q7: Elation, exhaustiom, Lepression, optitions, hope, anxsery, fear, happiness | Q8: People dinny na tiny car playing land hiptop music | Q9: Harvit and yet cried last weke though. I get lovely suvetrines, feel alone =C | Q10: Small nitractores were peaple are really kill make me feel wonder forte human experience!",31,Male,USA/WBronson/Travel alot,3,"Lack of sleep, imbalanced chemicals, dehydration, hary to purp",Muxe Rat montes Kem happy. Going at a Jerundly pace. Beay specole abant what you want,"Elation, exhaustiom, Lepression, optitions, hope, anxsery, fear, happiness",People dinny na tiny car playing land hiptop music,"Harvit and yet cried last weke though. I get lovely suvetrines, feel alone =C",Small nitractores were peaple are really kill make me feel wonder forte human experience!,31,M,3,US Other,Sophomore
2025 Field Notes Images,F2 - Diversity & Inclusion,IMG_4048.HEIC,1,"Q1: 39 | Q2: Female | Q3: Dubap | Q4: once | Q5: Not at all | Q6: Hell No! | Q7: Not at all, ♡. | Q8: Neven I did wore clothes that I could disregard after but becave of emiroment not to fit in.",39,Female,Dubap,once,Not at all,Hell No!,"Not at all, ♡.",Neven I did wore clothes that I could disregard after but becave of emiroment not to fit in.,,,39,F,1,US Other,Virgin
2025 Field Notes Images,F2 - Diversity & Inclusion,IMG_4046.HEIC,1,No entries found,,,,,,,,,,,,U,,Unknown,Unknown
2025 Field Notes Images,F2 - Diversity & Inclusion,IMG_4049.HEIC,1,"Q1: 27 | Q2: Female | Q3: Denver, Colorado | Q4: First timer! | Q5: I think yes because I am half latina, half ashkenazi Jewish so I look pretty cultural ambiguous and people are often curious about what I am, I also identify as queer. (Sometimes I even feel a bit fetishized for my latin background) | Q6: I think as a cis gender/feminine looking queer woman I sometimes play with my appearance based on who I want to attract. | Q7: Same as #5 | Q8: no",27,Female,"Denver, Colorado",First timer!,"I think yes because I am half latina, half ashkenazi Jewish so I look pretty cultural ambiguous and people are often curious about what I am, I also identify as queer. (Sometimes I even feel a bit fetishized for my latin background)",I think as a cis gender/feminine looking queer woman I sometimes play with my appearance based on who I want to attract.,Same as #5,no,,,27,F,1,Local/West,Virgin
2025 Field Notes Images,B1 - Survival,IMG_4065.HEIC,1,No entries found,,,,,,,,,,,,U,,Unknown,Unknown
2025 Field Notes Images,B1 - Survival,IMG_4073.HEIC,1,Q1: 27 | Q2: M | Q3: NYC | Q4: 1 | Q5: Tent | Q6: Watermelon | Q7: 8 days | Q8: Experione Help,27,M,NYC,1,Tent,Watermelon,8 days,Experione Help,,,27,M,1,US Other,Virgin
2025 Field Notes Images,B1 - Survival,IMG_4069.HEIC,1,"Q1: 55 | Q2: M | Q3: [Blank] | Q4: [Blank] | Q5: my homemade solar camper van | Q6: triquetra flow toys & | Q7: 2 weeks | Q8: I do my best to help others instead. I kind of hate asking for help, for better or worse.",55,M,[Blank],[Blank],my homemade solar camper van,triquetra flow toys &,2 weeks,"I do my best to help others instead. I kind of hate asking for help, for better or worse.",,,55,M,,Local/West,Unknown
2025 Field Notes Images,B1 - Survival,IMG_4069.HEIC,2,"Q1: 34 | Q2: M | Q3: Nomad | Q4: 4 | Q5: my homemade solar camper van | Q6: triquetra flow toys & | Q7: 2 weeks | Q8: I do my best to help others instead. I kind of hate asking for help, for better or worse.",34,M,Nomad,4,my homemade solar camper van,triquetra flow toys &,2 weeks,"I do my best to help others instead. I kind of hate asking for help, for better or worse.",,,34,M,4,US Other,Veteran
2025 Field Notes Images,B1 - Survival,IMG_4072.HEIC,1,Q1: 39 | Q2: M | Q3: SF | Q4: 5 | Q5: water backpack | Q6: [Blank] | Q7: 121 | Q8: got a genray,39,M,SF,5,water backpack,[Blank],121,got a genray,,,39,M,5,Local/West,Veteran
2025 Field Notes Images,B1 - Survival,IMG_4075.HEIC,1,Q1: 33 | Q2: F | Q3: NYC | Q4: 1 | Q5: Mask (not) | Q6: Tattoo | Q7: [Blank] | Q8: Everything,33,F,NYC,1,Mask (not),Tattoo,[Blank],Everything,,,33,F,1,US Other,Virgin
2025 Field Notes Images,B1 - Survival,IMG_4078.HEIC,1,Q1: 38 | Q2: M | Q3: Auburn WA | Q4: [Illegible] | Q5: Y | Q6: Yes. This was an excellent chance to explore ouselse and Pachother. Explore torfther and seperat. | Q7: Very Differry,38,M,Auburn WA,[Illegible],Y,Yes. This was an excellent chance to explore ouselse and Pachother. Explore torfther and seperat.,Very Differry,,,,38,M,,US Other,Unknown
2025 Field Notes Images,B1 - Survival,IMG_4079.HEIC,1,Q1: 54 | Q2: Female | Q3: Houston Texas | Q4: First Timer | Q5: Bake. | Q6: Toilet Paper (101) | Q7: 10 days | Q8: Advise.,54,Female,Houston Texas,First Timer,Bake.,Toilet Paper (101),10 days,Advise.,,,54,F,1,US Other,Virgin
2025 Field Notes Images,B1 - Survival,IMG_4080.HEIC,1,Q1: 40 | Q2: F | Q3: 43K | Q4: 3 | Q5: Water pump | Q6: 10 | Q7: Bike | Q8: 4,40,F,43K,3,Water pump,10,Bike,4,,,40,F,3,US Other,Sophomore
2025 Field Notes Images,B1 - Survival,IMG_4080.HEIC,2,Q1: 43 | Q2: M | Q3: 49K | Q4: 1 | Q5: [Blank] | Q6: [Blank] | Q7: [Blank] | Q8: [Blank],43,M,49K,1,[Blank],[Blank],[Blank],[Blank],,,43,M,1,US Other,Virgin
2025 Field Notes Images,B1 - Survival,IMG_4068.HEIC,1,"Q1: 53 | Q2: F | Q3: Australia | Q4: 12 | Q5: Wash basin - a perfect size for a bath w/vinegar & a washcloth - must do every day | Q6: this year I debated endlessly about bringing some watercolours and I didn't want to mess with the whole she bang but brought a tiny water brush and a set of holographic paints, then I cut Small tugs from watercolour papr and can make tiny paintings"" | Q7: Zero because I come from overseas and all my stolf lives in the trailer including a tent. At gate jate I had food & water for 1 day but we only had 3 hours wait. | Q8: See clove",53,F,Australia,12,Wash basin - a perfect size for a bath w/vinegar & a washcloth - must do every day,"this year I debated endlessly about bringing some watercolours and I didn't want to mess with the whole she bang but brought a tiny water brush and a set of holographic paints, then I cut Small tugs from watercolour papr and can make tiny paintings""",Zero because I come from overseas and all my stolf lives in the trailer including a tent. At gate jate I had food & water for 1 day but we only had 3 hours wait.,See clove,,,53,F,12,International,Elder
2025 Field Notes Images,B1 - Survival,IMG_4074.HEIC,1,No entries found,,,,,,,,,,,,U,,Unknown,Unknown
2025 Field Notes Images,B1 - Survival,IMG_4081.HEIC,1,"Q1: 57 | Q2: I'm a MAN, Baby! | Q3: Reno | Q4: ~ 16 | Q5: My Bicycle / An Open Mind | Q6: Psychedelics | Q7: 8 Days | Q8: Moral Support. Connection is key!",57,"I'm a MAN, Baby!",Reno,~ 16,My Bicycle / An Open Mind,Psychedelics,8 Days,Moral Support. Connection is key!,,,57,O,16,Local/West,Elder
2025 Field Notes Images,B1 - Survival,IMG_4077.HEIC,1,"Q1: 38 | Q2: Non Binary-Masc | Q3: Austin, TX | Q4: 1 | Q5: Tent | Q6: Ziplock bags | Q7: 3 days | Q8: To teach me how things work out here",38,Non Binary-Masc,"Austin, TX",1,Tent,Ziplock bags,3 days,To teach me how things work out here,,,38,O,1,US Other,Virgin
2025 Field Notes Images,B1 - Survival,IMG_4076.HEIC,1,"Q1: 58 | Q2: M | Q3: CANSON CITY NV | Q4: CAMEL BAUK FULL OF WATER & THINGS | Q5: WHITEBOARD & MARKERS TO PLAW WITH CAMP | Q6: ""SUNUNE"" = 3 DMS WITHIND WATIR MAX SKIP showns & Cookky 50 A MONTH? | Q7: I CR MECT = DRINKING WATER WHEN ITS IN SOLIO GALIS TO CONTAMINATE COOLER on VICIT UMSA",58,M,CANSON CITY NV,CAMEL BAUK FULL OF WATER & THINGS,WHITEBOARD & MARKERS TO PLAW WITH CAMP,"""SUNUNE"" = 3 DMS WITHIND WATIR MAX SKIP showns & Cookky 50 A MONTH?",I CR MECT = DRINKING WATER WHEN ITS IN SOLIO GALIS TO CONTAMINATE COOLER on VICIT UMSA,,,,58,M,,Local/West,Unknown
2025 Field Notes Images,B1 - Survival,IMG_4082.HEIC,1,"Q1: 41 | Q2: M | Q3: LA | Q4: 3 | Q5: Yeti | Q6: multiple Pair of shoes | Q7: 6 | Q8: just have conversations with everyone learning how everything works including how the org comes, and how default works and combine it to be a better human myself",41,M,LA,3,Yeti,multiple Pair of shoes,6,"just have conversations with everyone learning how everything works including how the org comes, and how default works and combine it to be a better human myself",,,41,M,3,Local/West,Sophomore
2025 Field Notes Images,B1 - Survival,IMG_4071.HEIC,1,"Q1: 33 | Q2: Female | Q3: Bend, OR | Q4: First time! | Q5: Resiliency, playful spirit | Q6: a lamp dance cage | Q7: 14+ | Q8: Morale, companionship, experiences shared",33,Female,"Bend, OR",First time!,"Resiliency, playful spirit",a lamp dance cage,14+,"Morale, companionship, experiences shared",,,33,F,1,US Other,Virgin
2025 Field Notes Images,B1 - Survival,IMG_4066.HEIC,1,No entries found,,,,,,,,,,,,U,,Unknown,Unknown
2025 Field Notes Images,B1 - Survival,IMG_4067.HEIC,1,"Q1: 34 | Q2: Male | Q3: Seattle WA | Q4: First Time! | Q5: Generators | Q6: Generatiz | Q7: 15 days | Q8: Tips, Advices.",34,Male,Seattle WA,First Time!,Generators,Generatiz,15 days,"Tips, Advices.",,,34,M,1,US Other,Virgin
2025 Field Notes Images,C2 - Emotions & Experiences,IMG_4028.HEIC,1,"Q1: 56 | Q2: M | Q3: Oakland, CA | Q4: 4 | Q5: WHEN PEOPLE HAVE Specific expectations of how they think the experience ""should"" look... | Q6: Staying open, minimal expectations. | Q7: Joy, some anxiety, Connection, irritation | Q8: Carrying a tub of urine to the porta potties w/ people cheering me on | Q9: NA | Q10: The stormy sky",56,M,"Oakland, CA",4,"WHEN PEOPLE HAVE Specific expectations of how they think the experience ""should"" look...","Staying open, minimal expectations.","Joy, some anxiety, Connection, irritation",Carrying a tub of urine to the porta potties w/ people cheering me on,NA,The stormy sky,56,M,4,Local/West,Veteran
2025 Field Notes Images,C2 - Emotions & Experiences,IMG_4022.HEIC,1,No entries found,,,,,,,,,,,,U,,Unknown,Unknown
2025 Field Notes Images,C2 - Emotions & Experiences,IMG_4024.HEIC,1,Q1: 33 | Q2: ♀ | Q3: Montreal | Q4: [Blank] | Q5: my own mind | Q6: interactive art,33,♀,Montreal,[Blank],my own mind,interactive art,,,,,33,O,,US Other,Unknown
2025 Field Notes Images,C2 - Emotions & Experiences,IMG_4024.HEIC,2,"Q1: 25 | Q2: female | Q3: southeast Georgia, USA | Q4: 1 | Q5: Shark, prvledge, men, bathroms | Q6: art, beauty of the playa | Q7: confusion, joy, annoyance, | Q8: can't remember | Q9: Hunger, unmet expectations, the temple | Q10: sunset, sunrise, expansiveness art, dust storms",25,female,"southeast Georgia, USA",1,"Shark, prvledge, men, bathroms","art, beauty of the playa","confusion, joy, annoyance,",can't remember,"Hunger, unmet expectations, the temple","sunset, sunrise, expansiveness art, dust storms",25,F,1,US Other,Virgin
2025 Field Notes Images,C2 - Emotions & Experiences,IMG_4023.HEIC,1,No entries found,,,,,,,,,,,,U,,Unknown,Unknown
2025 Field Notes Images,C2 - Emotions & Experiences,IMG_4025.HEIC,1,"Q1: 22 | Q2: F | Q3: San Francisco | Q4: 1 | Q5: Haven't heard anything that negative tbh | Q6: Boyfriend loves solving problems that require mental simulation of how physical objects will fare | Q7: Calm, curious | Q8: N/A | Q9: Biking harder than I knew I could last night, trying desperately to keep up with a few friends, giving up right before the end -> I overall enjoyed this experience though | Q10: Lights at night | Q10: Learning ASL | Q10: The storm!",22,F,San Francisco,1,Haven't heard anything that negative tbh,Boyfriend loves solving problems that require mental simulation of how physical objects will fare,"Calm, curious",N/A,"Biking harder than I knew I could last night, trying desperately to keep up with a few friends, giving up right before the end -> I overall enjoyed this experience though",The storm!,22,F,1,Local/West,Virgin
2025 Field Notes Images,C2 - Emotions & Experiences,IMG_4029.HEIC,1,"Q1: 53 | Q2: F | Q3: Santa Cruz, CA | Q4: 3 | Q5: No negatives! (maybe a little expensive) | Q6: meeting new people, seeing camp family, experiencing all the things | Q7: community, freedom, feeling young again | Q8: funny snarky comment from camp mate | Q9: not yet | Q10: enjoying sheltering in the lee of art during white out, men rain then calm after the storm, almost alone on playa-amazing",53,F,"Santa Cruz, CA",3,No negatives! (maybe a little expensive),"meeting new people, seeing camp family, experiencing all the things","community, freedom, feeling young again",funny snarky comment from camp mate,not yet,"enjoying sheltering in the lee of art during white out, men rain then calm after the storm, almost alone on playa-amazing",53,F,3,Local/West,Sophomore
2025 Field Notes Images,C2 - Emotions & Experiences,IMG_4029.HEIC,2,Q1: 1.21 | Q2: [Blank] | Q3: [Blank] | Q4: [Blank] | Q5: Heat & $ | Q6: L | Q7: 30% | Q8: my f | Q9: KATI | Q10: [Blank],1.21,[Blank],[Blank],[Blank],Heat & $,L,30%,my f,KATI,[Blank],1,O,,Local/West,Unknown
2025 Field Notes Images,C2 - Emotions & Experiences,IMG_4027.HEIC,1,"Q5: [Blank] | Q6: CURIOUSITY | Q7: even / listen open minded | Q8: [Blank] | Q9: [Blank] | Q10: the landscape / the desert the sunset, lastnight (high drama)",,,,,[Blank],CURIOUSITY,even / listen open minded,[Blank],[Blank],"the landscape / the desert the sunset, lastnight (high drama)",,U,,Unknown,Unknown
2025 Field Notes Images,E2 - Relationships,IMG_4044.HEIC,1,"Q1: 1.23 | Q2: MALE | Q3: NJ EAST COAST BEST COAST! | Q4: 1 | Q5: EVERY DAY, TWICE SINCE THIS MORN | Q6: YES CURRENTLY, I AM WITH FRIENDS & WE TRUST EACHOTHER & HAVE SELF CONTROL! | Q7: IT'S MORE TRUE PEOPLE OR TRUER TO THEMSELVES WHICH IS REALLY REFRESHING",1.23,MALE,NJ EAST COAST BEST COAST!,1,"EVERY DAY, TWICE SINCE THIS MORN","YES CURRENTLY, I AM WITH FRIENDS & WE TRUST EACHOTHER & HAVE SELF CONTROL!",IT'S MORE TRUE PEOPLE OR TRUER TO THEMSELVES WHICH IS REALLY REFRESHING,,,,1,M,1,US Other,Virgin
2025 Field Notes Images,C2 - Emotions & Experiences,IMG_4030.HEIC,1,Q1: 53 | Q2: Mele | Q3: South Lake Tahoe | Q4: 15 or 30 since 2007 | Q5: To many IBEZA Fuckers | Q6: Lots vs LSD.!!!,53,Mele,South Lake Tahoe,15 or 30 since 2007,To many IBEZA Fuckers,Lots vs LSD.!!!,,,,,53,O,15,Local/West,Elder
2025 Field Notes Images,C2 - Emotions & Experiences,IMG_4030.HEIC,2,Q1: 21 | Q2: female | Q3: South Georgia | Q4: 1 | Q5: Heat & Bumpy roads | Q6: the people | Q7:  | Q8: my friends | Q9: lots of shit | Q10: Art,21,female,South Georgia,1,Heat & Bumpy roads,the people,,my friends,lots of shit,Art,21,F,1,US Other,Virgin
2025 Field Notes Images,C2 - Emotions & Experiences,IMG_4030.HEIC,3,"Q1: 36 | Q2: Female | Q3: THE GOLDEN ISCES - Georgia | Q4: 1 | Q5: RICH PEOPLE, DISGUSING PORTA POFFIES, HEAT | Q6: ART, PRETTY LIGHTS, GIFT ECONOMY | Q7: JOY, ANNOYANCE, CREATIVITY, WONDER | Q8: KATIE | Q9: THE TEMPLE AND MY GF | Q10: MOST OF THE ART",36,Female,THE GOLDEN ISCES - Georgia,1,"RICH PEOPLE, DISGUSING PORTA POFFIES, HEAT","ART, PRETTY LIGHTS, GIFT ECONOMY","JOY, ANNOYANCE, CREATIVITY, WONDER",KATIE,THE TEMPLE AND MY GF,MOST OF THE ART,36,F,1,US Other,Virgin
2025 Field Notes Images,E2 - Relationships,IMG_4041.HEIC,1,No entries found,,,,,,,,,,,,U,,Unknown,Unknown
2025 Field Notes Images,E2 - Relationships,IMG_4045.HEIC,1,"Q1: 68 | Q2: M | Q3: Reno | Q4: 22 | Q5: No | Q6: [Blank] | Q7: More sex, dancing + time together w/out interference from default world",68,M,Reno,22,No,[Blank],"More sex, dancing + time together w/out interference from default world",,,,68,M,22,Local/West,Elder
2025 Field Notes Images,E2 - Relationships,IMG_4045.HEIC,2,"Q1: 39 | Q2: MALE | Q3: CARLISLE, UK | Q4: 6 | Q5: I HAD A WONDERFUL CONVERSATION WITH SOMEONE I FELT SAFE TO SHARE A DEEP SEURET WITH, AND LEFT FEELING IN LOVE. | Q6: YES, SAME PARTNER FOR ALL BURNS, SOME TOGETHER & BOTH HAVE DOVE BURNS APART. - NO REGRETS. MAKE SURE YOU TRUST EACH OTHER - BE PREPARED TO ALLOW, ACCEPT AND HELP YOUR PARTNER TO BE WHO THEY WANT TO BE & HAVE THE BURN THEY WANT.",39,MALE,"CARLISLE, UK",6,"I HAD A WONDERFUL CONVERSATION WITH SOMEONE I FELT SAFE TO SHARE A DEEP SEURET WITH, AND LEFT FEELING IN LOVE.","YES, SAME PARTNER FOR ALL BURNS, SOME TOGETHER & BOTH HAVE DOVE BURNS APART. - NO REGRETS. MAKE SURE YOU TRUST EACH OTHER - BE PREPARED TO ALLOW, ACCEPT AND HELP YOUR PARTNER TO BE WHO THEY WANT TO BE & HAVE THE BURN THEY WANT.",,,,,39,M,6,Local/West,Veteran
2025 Field Notes Images,E2 - Relationships,IMG_4043.HEIC,1,Q1: 40 | Q2: Male | Q3: Berlin | Q4: 1 | Q5: Not yet CENSUS | Q6: No | Q7: People here is incredible!,40,Male,Berlin,1,Not yet CENSUS,No,People here is incredible!,,,,40,M,1,US Other,Virgin
2025 Field Notes Images,E2 - Relationships,IMG_4043.HEIC,2,"Q1: S1 | Q2: F | Q3: Nevada/California | Q4: S | Q5: No | Q6: Yes, with, no swinging Killedus divorced now | Q7: Wonderful",S1,F,Nevada/California,S,No,"Yes, with, no swinging Killedus divorced now",Wonderful,,,,1,F,,Local/West,Unknown
2025 Field Notes Images,E2 - Relationships,IMG_4042.HEIC,1,No entries found,,,,,,,,,,,,U,,Unknown,Unknown
2025 Field Notes Images,D2 - Boundaries of Humanity,IMG_4034.HEIC,1,"Q1: 55 | Q2: F | Q3: NY | Q4: 1 | Q5: nothing, don't kill | Q6: Smarter | Q7: yeah, | Q8: Sex | Q9: Bad place in Life, otherwise all good",55,F,NY,1,"nothing, don't kill",Smarter,"yeah,",Sex,"Bad place in Life, otherwise all good",,55,F,1,US Other,Virgin
2025 Field Notes Images,D2 - Boundaries of Humanity,IMG_4032.HEIC,1,"Q1: [Illegible] | Q2: Male | Q3: Tahoe | Q4: 1 time | Q5: Not many, one. AI | Q6: The human brain, machine power | Q7: Yes, because absorbing data decides | Q8: I think any But machine both | Q9: [Blank]",[Illegible],Male,Tahoe,1 time,"Not many, one. AI","The human brain, machine power","Yes, because absorbing data decides",I think any But machine both,[Blank],,,M,1,US Other,Virgin
2025 Field Notes Images,D2 - Boundaries of Humanity,IMG_4039.HEIC,1,Q1: 44 | Q2: Female | Q3: AMSTERDAM | Q4: 1x | Q5: Self reflection | Q6: emphathy & psychic abilities | Q7: maryse | Q8: kundalibi & pinimial awaheninos & tantra | Q9: Nope,44,Female,AMSTERDAM,1x,Self reflection,emphathy & psychic abilities,maryse,kundalibi & pinimial awaheninos & tantra,Nope,,44,F,1,US Other,Virgin
2025 Field Notes Images,D2 - Boundaries of Humanity,IMG_4038.HEIC,1,"Q1: 20 | Q2: F | Q3: Alameda, CA | Q4: First time! | Q5: our ability to conceptualize of our existence + understand our place in the World | Q6: [Blank]",20,F,"Alameda, CA",First time!,our ability to conceptualize of our existence + understand our place in the World,[Blank],,,,,20,F,1,Local/West,Virgin
2025 Field Notes Images,D2 - Boundaries of Humanity,IMG_4035.HEIC,1,Q1: 46 | Q2: Female | Q3: Utah | Q4: 5 | Q5: [Blank] | Q6: [Blank] | Q7: No,46,Female,Utah,5,[Blank],[Blank],No,,,,46,F,5,US Other,Veteran
2025 Field Notes Images,D2 - Boundaries of Humanity,IMG_4037.HEIC,1,Q1: 48 | Q2: M | Q3: Louisville KY | Q4: 19 | Q5: Endurance | Q6: Feelings | Q7: No | Q8: Depth of Connection | Q9: [Blank],48,M,Louisville KY,19,Endurance,Feelings,No,Depth of Connection,[Blank],,48,M,19,US Other,Elder
2025 Field Notes Images,D2 - Boundaries of Humanity,IMG_4031.HEIC,1,No entries found,,,,,,,,,,,,U,,Unknown,Unknown
2025 Field Notes Images,D2 - Boundaries of Humanity,IMG_4040.HEIC,1,"Q1: 46 | Q2: Male | Q3: CA- Bay Area | Q4: 4th burn | Q5: Capability for abstract thought, capability for prediction | Q6: Actual life expericace - including emotional reactions & am areness. as opposed to just cold training data. | Q7: No, because of the biological hatare-including physical fragilis of a biological human. | Q8: How things a experiences feel a as a result, how the affect you. | Q9: Semi-autistic. Have this deep belief that humans ん machines are cod will algo always be) different.",46,Male,CA- Bay Area,4th burn,"Capability for abstract thought, capability for prediction",Actual life expericace - including emotional reactions & am areness. as opposed to just cold training data.,"No, because of the biological hatare-including physical fragilis of a biological human.","How things a experiences feel a as a result, how the affect you.",Semi-autistic. Have this deep belief that humans ん machines are cod will algo always be) different.,,46,M,4,Local/West,Veteran
2025 Field Notes Images,D2 - Boundaries of Humanity,IMG_4036.HEIC,1,"Q1: 22 | Q2: Female | Q3: Virginia or Tokyo | Q4: Ast | Q5: Language even arbitary | Q6: Logic of Language | Q7: Moral is arbitary and objectively defined by human. If we decided to not value machine's moral, it'll never have the same moral worth as a human, WE are the judge and the rule. | Q8: Believing I'm a human and being recognized as a human. A privilege to be borned with. A mochine must eam it through a TEST. | Q9: Used to be a linguistist arel way be biased, but does it matter?",22,Female,Virginia or Tokyo,Ast,Language even arbitary,Logic of Language,"Moral is arbitary and objectively defined by human. If we decided to not value machine's moral, it'll never have the same moral worth as a human, WE are the judge and the rule.",Believing I'm a human and being recognized as a human. A privilege to be borned with. A mochine must eam it through a TEST.,"Used to be a linguistist arel way be biased, but does it matter?",,22,F,,US Other,Unknown
2025 Field Notes Images,F1 - Diversity & Inclusion,IMG_4147.HEIC,1,"Q1: [Blank] | Q2: Female | Q3: [Blank] | Q4: [Blank] | Q5: Yes. I Ioch live c pesht dild for lesbians. Living in FL, thre me some 1st grest assumphas/expenses that come w/ it | Q6: Yes. Cthis bred it I hated t. I Wesn't me. | Q7: Not at all, have we are all peeple | Q8: Yes, only te express impoff Serther. I leened to solf expressin",[Blank],Female,[Blank],[Blank],"Yes. I Ioch live c pesht dild for lesbians. Living in FL, thre me some 1st grest assumphas/expenses that come w/ it",Yes. Cthis bred it I hated t. I Wesn't me.,"Not at all, have we are all peeple","Yes, only te express impoff Serther. I leened to solf expressin",,,,F,,Local/West,Unknown
2025 Field Notes Images,F1 - Diversity & Inclusion,IMG_4150.HEIC,1,Q1: 43 | Q2: M | Q3: BRC | Q4: = | Q5: Yes | Q6: [Illegible] No | Q7: No,43,M,BRC,=,Yes,[Illegible] No,No,,,,43,M,,US Other,Unknown
2025 Field Notes Images,F1 - Diversity & Inclusion,IMG_4156.HEIC,1,"Q1: 29 | Q2: Female | Q3: Puerto Escondido, Mexico | Q4: [Blank] | Q5: Yes, I am tall ^ blonde so get harassed by stupid boys always | Q6: No, I like fucking up stupid boys | Q7: Not at all | Q8: No",29,Female,"Puerto Escondido, Mexico",[Blank],"Yes, I am tall ^ blonde so get harassed by stupid boys always","No, I like fucking up stupid boys",Not at all,No,,,29,F,,US Other,Unknown
2025 Field Notes Images,F1 - Diversity & Inclusion,IMG_4156.HEIC,2,Q1: 39 | Q2: [Blank] | Q3: [Blank] | Q4: [Blank] | Q5: [Blank] | Q6: [Blank] | Q7: [Blank] | Q8: [Blank],39,[Blank],[Blank],[Blank],[Blank],[Blank],[Blank],[Blank],,,39,O,,Local/West,Unknown
2025 Field Notes Images,F1 - Diversity & Inclusion,IMG_4149.HEIC,1,Q1: [Blank] | Q2: [Blank] | Q3: [Blank] | Q4: [Blank] | Q5: [Blank] | Q6: No (see answer 6),[Blank],[Blank],[Blank],[Blank],[Blank],No (see answer 6),,,,,,O,,Local/West,Unknown
2025 Field Notes Images,F1 - Diversity & Inclusion,IMG_4157.HEIC,1,"Q1: 33 | Q2: F | Q3: Calgary, AB, Canada | Q4: First Time | Q5: Yes, I am a white women and have privilege | Q6: Yes, I have alot of tattoos, piercings, dyed my hair and wild colours to change my appearance | Q7: Yes, I wear outfits fit the culture",33,F,"Calgary, AB, Canada",First Time,"Yes, I am a white women and have privilege","Yes, I have alot of tattoos, piercings, dyed my hair and wild colours to change my appearance","Yes, I wear outfits fit the culture",,,,33,F,1,Local/West,Virgin
2025 Field Notes Images,F1 - Diversity & Inclusion,IMG_4157.HEIC,2,"Q1: 39 | Q2: M | Q3: Calgary, AB, Canada | Q4: First time | Q5: No, free about it | Q6: No, never alter myself | Q7: No",39,M,"Calgary, AB, Canada",First time,"No, free about it","No, never alter myself",No,,,,39,M,1,Local/West,Virgin
2025 Field Notes Images,F1 - Diversity & Inclusion,IMG_4157.HEIC,3,"Q1: 40 | Q2: M | Q3: Kelaina, BC, Canada | Q4: Third Time | Q5: stinky wooks suck | Q6: No, I fucken Rule | Q7: Nope",40,M,"Kelaina, BC, Canada",Third Time,stinky wooks suck,"No, I fucken Rule",Nope,,,,40,M,,Local/West,Unknown
2025 Field Notes Images,F1 - Diversity & Inclusion,IMG_4146.HEIC,1,Q1: 34 | Q2: Whale | Q3: Seattle WA | Q4: 1st | Q5: Skin | Q6: No | Q7: A bit. I am Asian. Seen since we have a large population | Q8: different Chinese are so diverse there are some stereotypes.,34,Whale,Seattle WA,1st,Skin,No,A bit. I am Asian. Seen since we have a large population,different Chinese are so diverse there are some stereotypes.,,,34,O,1,US Other,Virgin
2025 Field Notes Images,F1 - Diversity & Inclusion,IMG_4146.HEIC,2,Q8: Stay with 10 principles. Stay Chinese culture. Share more loves.,,,,,,,,Stay with 10 principles. Stay Chinese culture. Share more loves.,,,,U,,Unknown,Unknown
2025 Field Notes Images,F1 - Diversity & Inclusion,IMG_4145.HEIC,1,No entries found,,,,,,,,,,,,U,,Unknown,Unknown
2025 Field Notes Images,F1 - Diversity & Inclusion,IMG_4144.HEIC,1,No entries found,,,,,,,,,,,,U,,Unknown,Unknown
2025 Field Notes Images,F1 - Diversity & Inclusion,IMG_4153.HEIC,1,"Q1: 34 | Q2: m | Q3: San Francisco | Q4: 9 | Q5: White, middle class in SF so not really my mannersuns | Q6: Yes, I got tattoos try to differennt mureest. | Q7: In realatity we creare n control our interactions and we can so that default | Q8: ""Bang now burner Ha",34,m,San Francisco,9,"White, middle class in SF so not really my mannersuns","Yes, I got tattoos try to differennt mureest.",In realatity we creare n control our interactions and we can so that default,"""Bang now burner Ha",,,34,M,9,Local/West,Veteran
2025 Field Notes Images,F1 - Diversity & Inclusion,IMG_4152.HEIC,1,"Q1: 1,61 | Q2: F | Q3: Arizona | Q4: 5 | Q5: Yes, lesbian, older | Q6: Eyebrow piercing - looked at Sunny in & Moemen City | Q7: no | Q8: no. We all bleed Red Regardless of ""who"" we are","1,61",F,Arizona,5,"Yes, lesbian, older",Eyebrow piercing - looked at Sunny in & Moemen City,no,"no. We all bleed Red Regardless of ""who"" we are",,,1,F,5,US Other,Veteran
2025 Field Notes Images,F1 - Diversity & Inclusion,IMG_4155.HEIC,1,Q1: 43 | Q2: M | Q3: SAN FRANCISCO | Q4: 3 | Q5: Yes :- ist night; asked my wife out here | Q6: Yes: - anticipation band on what others shared | Q7: Gradual | Q8: Yes--more connected | Q9: Interactions with rowppl,43,M,SAN FRANCISCO,3,Yes :- ist night; asked my wife out here,Yes: - anticipation band on what others shared,Gradual,Yes--more connected Interactions with rowppl,,,43,M,3,Local/West,Sophomore
2025 Field Notes Images,F1 - Diversity & Inclusion,IMG_4148.HEIC,1,"Q1: 42 | Q2: Female | Q3: Gerlach, NV | Q4: 10 times! | Q5: yes, I am a Black female and often times lam the only person who looks like me in a particular location. Offen times it either draws more attention/interaction (which can pe uncomfortable + unwanted and others I am ignored (which 13 the same result) | Q6: No. I am always unapolageticaly myself | Q7: Yes. I am often invited to 21 PBC friendly spaces, thanked",42,Female,"Gerlach, NV",10 times!,"yes, I am a Black female and often times lam the only person who looks like me in a particular location. Offen times it either draws more attention/interaction (which can pe uncomfortable + unwanted and others I am ignored (which 13 the same result)",No. I am always unapolageticaly myself,"Yes. I am often invited to 21 PBC friendly spaces, thanked",,,,42,F,10,Local/West,Elder
2025 Field Notes Images,F1 - Diversity & Inclusion,IMG_4154.HEIC,1,"Q1: 1.43 | Q2: F | Q3: San Diego, CA | Q4: 7 | Q5: yes. I am born into a lot of privlage based on my appearance | Q6: No | Q7: My privilege in the default world directly impads my experience on playa in that it has probably contributed to my finances which allow me & bebeud hygenine fun costumes on playa. It's mpossible to separade default from playa. | Q8: No",1.43,F,"San Diego, CA",7,yes. I am born into a lot of privlage based on my appearance,No,My privilege in the default world directly impads my experience on playa in that it has probably contributed to my finances which allow me & bebeud hygenine fun costumes on playa. It's mpossible to separade default from playa.,No,,,1,F,7,Local/West,Veteran
