Timestamp,Camp Size,Average Per Person Camp Contribution,Contribution Range,Camp Total Annual Budget,How are camp contributions structured?,Do you collect contributions through an entity?,NOTAFLOF for low/no income campers?,Camp Amenities,Do supplemental contributions support other camp amenities (in addition to core contribution),Do you offer financial incentives (e.g. discounts or refunds) to folks who come to early build and/or late strike,Commentary,Camp Name,ContributionRangeLow,ContributionRangeHigh,Tidbits
2024/04/30 9:39:07 AM AST,8,,0,,"No required contribution, donations welcome",Not incorporated,No,Meals (at least 1 meal/day);Private Camper Lounge / Shade Structure;Shower,No,N/A,"Each camper brings supplies for the bar, and camp infrastructure is divided between campers. When we want to upgrade something we discuss who’s turn it is to handle the upgrade or we divide cost among us.",Go the Fuck to Sleep,,,
2024/04/30 9:50:34 AM AST,35,1200,,40000,Flat Fee,Not incorporated,No,Private Camper Lounge / Shade Structure;MOOP Management,No,N/A,,,,,
2024/04/30 9:53:11 AM AST,7,180,100-200,1390,Flat Fee,Not incorporated,"Yes, informally","Private Camper Lounge / Shade Structure;Shower;Equipment Transportation;Greywater Management (evap ponds, totes, pump-outs, etc.);MOOP Management",No,N/A,Budget is for a first year camp where shade structure was purchased.,Camp Big Chungus ,100,200,
2024/04/30 10:12:13 AM AST,40,300,,,Flat Fee,Not incorporated,No,Water;Private Camper Lounge / Shade Structure;Shower;Power,No,N/A,,,,,
2024/04/30 10:14:53 AM AST,30,350,,12000,Flat Fee,Not incorporated,"Yes, informally","Water;Meals (at least 1 meal/day);Private Camper Lounge / Shade Structure;Shower;Greywater Management (evap ponds, totes, pump-outs, etc.);MOOP Management",No,N/A,,,,,
2024/04/30 10:15:18 AM AST,30,600,600,15000,Flat Fee,Not incorporated,No,"Water;Meals (at least 1 meal/day);Private Camper Lounge / Shade Structure;Shower;Power;Booze;Equipment Transportation;Greywater Management (evap ponds, totes, pump-outs, etc.);MOOP Management",No,N/A,,,,,
2024/04/30 10:25:31 AM AST,30,400,,12000,Flat Fee;Tiered based on financial capability,Not incorporated,"Yes, informally","Water;Meals (at least 1 meal/day);Private Camper Lounge / Shade Structure;Shower;Power;Equipment Transportation;Greywater Management (evap ponds, totes, pump-outs, etc.);MOOP Management","Yes - capital improvements/infra (e.g. new shade structure, etc)",N/A,,A Shack of Sit,,,
2024/04/30 10:45:01 AM AST,50,500,,25000,Flat Fee,,No,"Water;Meals (at least 1 meal/day);Private Camper Lounge / Shade Structure;Shower;Booze;Equipment Transportation;Greywater Management (evap ponds, totes, pump-outs, etc.);MOOP Management",Yes - tents,N/A,,,,,
2024/04/30 10:53:20 AM AST,17,247,0-500,4206,"Tiered based on financial capability;No required contribution, donations welcome",Non-exempt organization (e.g. LLC without nonprofit status),"Yes, formally",Private Camper Lounge / Shade Structure;Equipment Transportation,No,N/A,We are an art support camp,,0,500,
2024/04/30 11:16:44 AM AST,30,200,,10000,Flat Fee,Non-exempt organization (e.g. LLC without nonprofit status),No,,No,N/A,,,,,
2024/04/30 11:19:50 AM AST,25,300,,,Flat Fee,Not incorporated,No,Water;Meals (at least 1 meal/day);Private Camper Lounge / Shade Structure;Shower;Power;MOOP Management,No,N/A,,,,,
2024/04/30 11:25:21 AM AST,42,350,,12000,Flat Fee,Not incorporated,No,"Water;Private Camper Lounge / Shade Structure;Shower;Power;Equipment Transportation;Greywater Management (evap ponds, totes, pump-outs, etc.)",Yes - equipment transport;Yes - high power hookups (e.g. for RVs),N/A,use of cargo truck and/or showers is extra,,,,
2024/04/30 11:28:42 AM AST,24,350,350,,Flat Fee,Not incorporated,No,"Water;Meals (at least 1 meal/day);Private Camper Lounge / Shade Structure;Shower;Power;Equipment Transportation;Greywater Management (evap ponds, totes, pump-outs, etc.)",No,N/A,"We log all purchases, track all the money, and refund any unused funds back to the campers. Everyone pays in to the finance head in early August.  Excess is paid back to everyone in late September.",Cult of the Magic Lady,,,Return unused funds to campers
2024/04/30 12:06:20 PM AST,18,225,,4000,Flat Fee,Not incorporated,No,"Water;Private Camper Lounge / Shade Structure;Shower;Equipment Transportation;Greywater Management (evap ponds, totes, pump-outs, etc.)",No,N/A,,Caffeination Station,,,
2024/04/30 12:11:33 PM AST,18,300,,3000,Flat Fee,Not incorporated,"Yes, informally","Water;Private Camper Lounge / Shade Structure;Shower;Equipment Transportation;Greywater Management (evap ponds, totes, pump-outs, etc.)",No,N/A,,Playa glass,,,
2024/04/30 12:25:15 PM AST,30,475,475-575,14000,Tiered based on time (closer to burn = more expensive),Not incorporated,"Yes, informally","Water;Meals (at least 1 meal/day);Private Camper Lounge / Shade Structure;Shower;Power;Greywater Management (evap ponds, totes, pump-outs, etc.);MOOP Management",Yes - bike rentals,Maybe,"Department leads and builders are provided a small discount on their dues as an insufficient but well-intentioned ""thank you.""",Raised by Wolves,475,575,Dept leads get small dues discount
2024/04/30 12:48:56 PM AST,25,,$0 ,,,,,Private Camper Lounge / Shade Structure,No,N/A,,,,,
2024/04/30 12:58:41 PM AST,4,300,,,"Tiered based on financial capability;No required contribution, donations welcome",Not incorporated,"Yes, informally",Shower;Power;Equipment Transportation,Yes - bike rentals,N/A,,,,,
2024/04/30 1:18:40 PM AST,30,250,250,7500,Flat Fee,Not incorporated,No,Private Camper Lounge / Shade Structure;Equipment Transportation;Ice;Booze,Yes - food,N/A,"We do group meals. Your meal team is responsible for 1 meal and then you can eat any of the other meals prepared. But I’ve always considered that separate to camp dues. 

We buy all the champagne and vodka we give out during our happy hours and anyone in camp can drink as much as they want during happy hours but not they can’t drink camp booze when not happy hour ",Champagne lounge,,,
2024/04/30 1:35:09 PM AST,85,,0,1500,"No required contribution, donations welcome",Not incorporated,No,Private Camper Lounge / Shade Structure;Equipment Transportation;Booze,No,N/A,No Dues. We all bring what we need. Radical Self Reliance. We're doing it right. ,Stag Camp,,,RSR
2024/04/30 1:37:49 PM AST,35,300,,,Flat Fee,Tax exempt organization - 501(c)(3),No,Meals (at least 1 meal/day);Private Camper Lounge / Shade Structure;Shower;Booze,No,N/A,,,,,
2024/04/30 1:56:28 PM AST,45,350,NA,16000,Flat Fee,Not incorporated,"Yes, informally","Water;Meals (at least 1 meal/day);Private Camper Lounge / Shade Structure;Power;Booze;Greywater Management (evap ponds, totes, pump-outs, etc.)","Yes - capital improvements/infra (e.g. new shade structure, etc)",N/A,,,,,
2024/04/30 2:22:16 PM AST,50,300,,,Flat Fee,Not incorporated,"Yes, informally","Water;Meals (at least 1 meal/day);Private Camper Lounge / Shade Structure;Shower;Greywater Management (evap ponds, totes, pump-outs, etc.);MOOP Management",No,N/A,The Temple Builbers camp.  We come in about 2 1/2 weeks prior to gate open.,Temple Camp,,,
2024/04/30 2:31:54 PM AST,28,400,$400-600,12000,Tiered based on time (closer to burn = more expensive),Not incorporated,No,"Meals (at least 1 meal/day);Shower;Greywater Management (evap ponds, totes, pump-outs, etc.)",Yes - food,N/A,"Our camp dues go up $50 every month, to encourage early commitment and cover last minute additions to accommodate.  Anything extra gets invested in new/improved camp equipment, any shortfall the TCO covers out of pocket.  Everybody shows up for build as early as they can, and everyone stays for strike.  In addition to the daily burrito that comes out of the camp budget, everybody helps gift one dinner during the week that is not paid for by camp.",Astral Headwash,400,600,TCO/campers as benefactor
2024/04/30 2:38:45 PM AST,80,400,400,20000,Flat Fee,Not incorporated,,"Private Camper Lounge / Shade Structure;Shower;Power;Booze;Equipment Transportation;Greywater Management (evap ponds, totes, pump-outs, etc.)",No,N/A,,,,,
2024/04/30 3:15:06 PM AST,18,300,,5000,Flat Fee,Not incorporated,"Yes, informally","Meals (at least 1 meal/day);Private Camper Lounge / Shade Structure;Shower;Greywater Management (evap ponds, totes, pump-outs, etc.);MOOP Management",No,N/A,We basically take the expenses for the year and divide by number of campers. It is all very transparent. Some camp mates pay more if they are able to which offsets costs for the others,Yellowstone burners,,,TCO/campers as benefactor
2024/04/30 3:19:31 PM AST,90,100,100-200,6800,Flat Fee;Tiered based on financial capability,Not incorporated,"Yes, informally",Nothing,Yes - art projects;Yes - high power hookups (e.g. for RVs),N/A,"We are a no frills Radical Self Reliance esplanade live music/DJ/bar/chillout camp. We share extra resources w each other as needed. People who bring a trailer or RV pay an extra $100 fee for the increased footprint, as space allows. Dues collected over annual costs go towards extra circus tent repairs, musical instrument upgrades & replacement, ball pit & dome repairs, art grants, etc.",Freestyle Palace (renamed this year to Off The Dome),100,200,RSR
2024/04/30 3:50:21 PM AST,120,350,,50000,Tiered based on financial capability;Tiered based on time (closer to burn = more expensive),Tax exempt organization - 501(c)(3),"Yes, formally","Water;Private Camper Lounge / Shade Structure;Shower;Power;Greywater Management (evap ponds, totes, pump-outs, etc.);MOOP Management",Yes - high power hookups (e.g. for RVs),N/A,"$400 per RV or tent shared by occupants. 
We charge extra for high power hookups (A/C)",Ataraxia,,,
2024/04/30 6:40:56 PM AST,27,300,250-350,12000,Flat Fee,Not incorporated,"Yes, informally","Water;Private Camper Lounge / Shade Structure;Shower;Power;Equipment Transportation;Greywater Management (evap ponds, totes, pump-outs, etc.);MOOP Management",Yes - art projects,No,,Legends of the Hidden Playa,250,350,
2024/04/30 6:54:27 PM AST,65,300,0-500,15000,Tiered based on financial capability;Tiered based on time (closer to burn = more expensive),Not incorporated,"Yes, formally","Water;Meals (at least 1 meal/day);Private Camper Lounge / Shade Structure;Shower;Power;Greywater Management (evap ponds, totes, pump-outs, etc.)",No,No,"If someone can't pay a full camp fee, we accommodate the person providing they will participate - nothing extra to do work wise, just participate ",Global Camp,0,500,
2024/04/30 6:55:48 PM AST,50,200,150 to 300,8000,Tiered based on participation or camp roles,Not incorporated,No,"Private Camper Lounge / Shade Structure;Shower;Power;Booze;Greywater Management (evap ponds, totes, pump-outs, etc.);MOOP Management",No,No,,Orphan Endorphin ,150,300,
2024/04/30 7:10:04 PM AST,50,620,555-777,35000,Tiered based on financial capability;Tiered based on time (closer to burn = more expensive),Non-exempt organization (e.g. LLC without nonprofit status),"Yes, informally","Water;Meals (at least 1 meal/day);Private Camper Lounge / Shade Structure;Shower;Equipment Transportation;Greywater Management (evap ponds, totes, pump-outs, etc.)",No,No,,Dark Heart,555,777,
2024/04/30 7:17:21 PM AST,98,275,0-450,23000,Tiered based on financial capability,Not incorporated,"Yes, formally","Meals (at least 1 meal/day);Private Camper Lounge / Shade Structure;Shower;Power;Booze;Equipment Transportation;Greywater Management (evap ponds, totes, pump-outs, etc.)",Yes - bike rentals;Yes - equipment transport,No,PayPal is our platform currebtly,Planned Playahood,0,450,
2024/04/30 7:17:36 PM AST,12,150,,,Flat Fee,Not incorporated,"Yes, informally",Private Camper Lounge / Shade Structure,,No,All funds go towards consumables gifted to the community ,Pretty Pickle,,,
2024/04/30 7:27:35 PM AST,30,100,,2500,Flat Fee,Not incorporated,,"Shower;Booze;Equipment Transportation;Greywater Management (evap ponds, totes, pump-outs, etc.)",No,No,NO,Acorn Oasis,,,
2024/04/30 7:46:26 PM AST,180,750,,200000,Flat Fee;Tiered based on time (closer to burn = more expensive),Tax exempt organization - 501(c)(7),"Yes, informally","Meals (at least 1 meal/day);Private Camper Lounge / Shade Structure;Shower;Power;Booze;Greywater Management (evap ponds, totes, pump-outs, etc.)",Yes - high power hookups (e.g. for RVs),No,Rvs and glampers (hexas/large tents) pay another $750-1750 for power and space not included in flat fee camp dues,,,,RSR
2024/04/30 7:52:49 PM AST,24,75,,1000,Flat Fee,Not incorporated,No,"Booze;Greywater Management (evap ponds, totes, pump-outs, etc.)",No,No,Radical self reliance makes a small camp easy.,,,,
2024/04/30 8:31:01 PM AST,100,50,0-200,2000,Tiered based on time (closer to burn = more expensive),Not incorporated,"Yes, informally",Private Camper Lounge / Shade Structure;Shower,,No,,tsunami,0,200,
2024/04/30 8:37:51 PM AST,30,,What you can afford,20000,Tiered based on financial capability,Not incorporated,"Yes, formally","Water;Meals (at least 1 meal/day);Private Camper Lounge / Shade Structure;Shower;Power;Booze;Equipment Transportation;Greywater Management (evap ponds, totes, pump-outs, etc.);MOOP Management;Ice",Yes - tents,No,"Invite only, family style ",,,,
2024/04/30 8:52:21 PM AST,25,400,400-500,15000,Flat Fee,Tax exempt organization - 501(c)(3),No,"Water;Meals (at least 1 meal/day);Private Camper Lounge / Shade Structure;Shower;Equipment Transportation;Greywater Management (evap ponds, totes, pump-outs, etc.);MOOP Management;Ice",Yes - high power hookups (e.g. for RVs),No,,,400,500,
2024/04/30 9:18:33 PM AST,25,350,,,Flat Fee,Not incorporated,"Yes, informally","Water;Private Camper Lounge / Shade Structure;Shower;Greywater Management (evap ponds, totes, pump-outs, etc.)",No,No,,Bitchin noodle shop,,,
2024/04/30 9:45:56 PM AST,40,350,300 - 500,12000,Flat Fee,Not incorporated,"Yes, informally",Private Camper Lounge / Shade Structure;Shower;Booze,No,No,,,300,500,
2024/04/30 9:46:33 PM AST,30,400,,12000,Flat Fee,Not incorporated,"Yes, informally","Water;Meals (at least 1 meal/day);Private Camper Lounge / Shade Structure;Shower;Power;Greywater Management (evap ponds, totes, pump-outs, etc.);MOOP Management;Ice",No,No,,,,,
2024/04/30 9:54:46 PM AST,45,500,no tier,20000,Flat Fee,Tax exempt organization - 501(c)(7),No,"Water;Meals (at least 1 meal/day);Private Camper Lounge / Shade Structure;Shower;Power;Booze;Greywater Management (evap ponds, totes, pump-outs, etc.)",No,Yes,$500 dues + $100 moop deposit returned if you stay through strike and actually participated (showed up to shifts etc),Paper Cranes,,,
2024/04/30 10:18:56 PM AST,40,250,$250 ,10000,Flat Fee,Not incorporated,No,Private Camper Lounge / Shade Structure;Shower;Booze;Equipment Transportation;Ice,No,No,,,,,
2024/04/30 11:00:52 PM AST,20,350,100-450,,Tiered based on participation or camp roles;Tiered based on financial capability,Not incorporated,"Yes, formally",Water;Private Camper Lounge / Shade Structure;Shower;Equipment Transportation;MOOP Management;Ice,Yes - tents;Yes - bike rentals,No,,,100,450,
2024/04/30 11:32:49 PM AST,30,600,600,18000,Flat Fee,Tax exempt organization - 501(c)(3),"Yes, informally","Water;Meals (at least 1 meal/day);Private Camper Lounge / Shade Structure;Shower;Greywater Management (evap ponds, totes, pump-outs, etc.)",Yes - bike rentals,Maybe,,,,,
2024/05/01 12:30:12 AM AST,40,325,No tier,9000,Flat Fee,Not incorporated,"Yes, informally","Water;Meals (at least 1 meal/day);Private Camper Lounge / Shade Structure;Shower;Greywater Management (evap ponds, totes, pump-outs, etc.)",No,No,,COSTCO SOULMATE TRADING OUTLET ,,,
2024/05/01 12:48:31 AM AST,25,100,N/A,2500,Flat Fee,Not incorporated,No,Water;Private Camper Lounge / Shade Structure,No,No,,"We are ""Camp DIY"".",,,
2024/05/01 1:34:55 AM AST,276,800,500-3000,315000,Tiered based on participation or camp roles,Tax exempt organization - 501(c)(3),"Yes, informally",Meals (at least 1 meal/day);Private Camper Lounge / Shade Structure;Shower;Power;Booze;MOOP Management,Yes - tents;Yes - high power hookups (e.g. for RVs),Yes,"Based on land usage (i.e. tent, RV) and if tapping into camp power",,500,3000,
2024/05/01 1:43:46 AM AST,6,600,400-800,2500,Tiered based on participation or camp roles,Not incorporated,"Yes, informally","Shower;Greywater Management (evap ponds, totes, pump-outs, etc.)",No,No,,Strong Tonic Center for Vitality,400,800,
2024/05/01 1:44:56 AM AST,100,,,,"No required contribution, donations welcome",,,"Private Camper Lounge / Shade Structure;Shower;Greywater Management (evap ponds, totes, pump-outs, etc.);Ice",No,No,,,,,
2024/05/01 3:26:48 AM AST,40,350,,,Flat Fee;Tiered based on participation or camp roles;Tiered based on financial capability,,,"Private Camper Lounge / Shade Structure;Equipment Transportation;Greywater Management (evap ponds, totes, pump-outs, etc.)",Yes - equipment transport,No,,,,,
2024/05/01 4:44:17 AM AST,20,500,,10000,Flat Fee,Not incorporated,No,"Private Camper Lounge / Shade Structure;Shower;Equipment Transportation;Greywater Management (evap ponds, totes, pump-outs, etc.);MOOP Management;Kitchen",No,No,,,,,
2024/05/01 6:47:51 AM AST,12,250,,3000,Flat Fee,Not incorporated,No,Private Camper Lounge / Shade Structure;Booze;Equipment Transportation;Ice,No,Maybe,,,,,
2024/05/01 8:19:42 AM AST,70,150,100-200,8000,Flat Fee,Not incorporated,"Yes, informally","Private Camper Lounge / Shade Structure;Shower;Greywater Management (evap ponds, totes, pump-outs, etc.)",No,No,We do ticket scholarships but expect everyone to pay dues. It creates a buy in. ,Run Free,100,200,
2024/05/01 9:17:04 AM AST,40,450,400-550,18000,Tiered based on participation or camp roles;Tiered based on time (closer to burn = more expensive),Not incorporated,No,"Water;Meals (at least 1 meal/day);Private Camper Lounge / Shade Structure;Shower;Power;Booze;Equipment Transportation;Greywater Management (evap ponds, totes, pump-outs, etc.)",Yes - equipment transport,Yes,"We have a $200 deposit that we collect with dues. As long as you show up for your 2 shifts, you get it back at the end. ",Giants Workshop,400,550,
2024/05/01 9:51:26 AM AST,40,550,,20000,Tiered based on financial capability,Not incorporated,"Yes, informally","Water;Meals (at least 1 meal/day);Private Camper Lounge / Shade Structure;Shower;Power;Booze;Equipment Transportation;Greywater Management (evap ponds, totes, pump-outs, etc.);Ice",,No,,,,,
2024/05/01 9:54:58 AM AST,50,750,,,Tiered based on time (closer to burn = more expensive),Tax exempt organization - 501(c)(3),"Yes, informally","Water;Meals (at least 1 meal/day);Private Camper Lounge / Shade Structure;Shower;Power;Equipment Transportation;Greywater Management (evap ponds, totes, pump-outs, etc.)",Yes - bike rentals,No,Dues: 600 until July. Then 900,,,,
2024/05/01 10:30:31 AM AST,60,500,400-600,,Tiered based on financial capability;Tiered based on time (closer to burn = more expensive),Tax exempt organization - 501(c)(3),No,"Water;Meals (at least 1 meal/day);Private Camper Lounge / Shade Structure;Shower;Power;Greywater Management (evap ponds, totes, pump-outs, etc.)",Yes - equipment transport,No,,the phage,400,600,
2024/05/01 10:52:04 AM AST,70,600,,60000,Flat Fee;Tiered based on participation or camp roles,Tax exempt organization - 501(c)(3),"Yes, informally","Water;Meals (at least 1 meal/day);Private Camper Lounge / Shade Structure;Shower;Power;Booze;Greywater Management (evap ponds, totes, pump-outs, etc.);Ice",Yes - high power hookups (e.g. for RVs),No,"Instead of financial incentives for build/strike, we use a points based system to distribute labor. Everyone in the camp must hit x number of points per year. This applies to build/strike, burn week shifts, and certain prep tasks like supply runs, driving camp vehicles, etc. 
Discounts given to high-level contributors who can demonstrate financial need",Teddies,,,Points system for shifts
2024/05/01 12:10:04 PM AST,15,600,600,,,Not incorporated,No,"Water;Meals (at least 1 meal/day);Private Camper Lounge / Shade Structure;Power;Booze;Equipment Transportation;Greywater Management (evap ponds, totes, pump-outs, etc.);MOOP Management",No,No,"There isnt a flat fee, we do everything in a splitwise",&,,,
2024/05/01 12:27:03 PM AST,100,1500,500-3500,150000,Tiered based on financial capability,Tax exempt organization - 501(c)(3),"Yes, formally",Meals (at least 1 meal/day);Private Camper Lounge / Shade Structure;Shower;Power,"Yes - capital improvements/infra (e.g. new shade structure, etc)",No,,,500,3500,
2024/05/01 12:58:00 PM AST,80,350,250 for low income holders,30000,Flat Fee;Tiered based on participation or camp roles;Tiered based on financial capability;Tiered based on time (closer to burn = more expensive),Tax exempt organization - 501(c)(7),"Yes, informally","Water;Meals (at least 1 meal/day);Private Camper Lounge / Shade Structure;Shower;Power;Greywater Management (evap ponds, totes, pump-outs, etc.);Ice","Yes - tents;Yes - equipment transport;Yes - capital improvements/infra (e.g. new shade structure, etc)",Yes,,Karma love,250,350,
2024/05/01 1:52:02 PM AST,40,200,,,Flat Fee,Not incorporated,"Yes, informally","Water;Private Camper Lounge / Shade Structure;Shower;Greywater Management (evap ponds, totes, pump-outs, etc.);MOOP Management",No,Maybe,,,,,
2024/05/01 2:02:24 PM AST,65,250,$150 - $500,16000,Flat Fee;Tiered based on financial capability,Not incorporated,,"Water;Meals (at least 1 meal/day);Power;Greywater Management (evap ponds, totes, pump-outs, etc.);MOOP Management",No,No,,,,,
2024/05/01 2:11:42 PM AST,50,350,,16000,Flat Fee,Not incorporated,"Yes, informally",Water;Private Camper Lounge / Shade Structure;Shower;Booze;Ice,No,No,,CAMP JUICY ,150,500,
2024/05/01 2:15:09 PM AST,70,500,500-650,30000,Tiered based on participation or camp roles;Tiered based on time (closer to burn = more expensive);Tiered based on financial capability,Not incorporated,"Yes, informally",Water;Meals (at least 1 meal/day);Private Camper Lounge / Shade Structure;Shower;Power;Equipment Transportation,Yes - tents;Yes - bike rentals,No,Anyone that receives a low income ticket from BMorg only has to pay half of camp dues. ,Banana Hammocks,500,650,
2024/05/01 2:34:12 PM AST,25,300,,,,,"Yes, informally","Water;Power;Equipment Transportation;Greywater Management (evap ponds, totes, pump-outs, etc.);MOOP Management",No,No,https://forms.gle/rpbMDRfedvmN8nss7,IHOTT,250,350,"Split between required & discretionary expenses
New camper capital ""buy-in"""
2024/05/01 3:05:50 PM AST,50,350,350,,Flat Fee,Not incorporated,"Yes, informally","Water;Private Camper Lounge / Shade Structure;Shower;Booze;Greywater Management (evap ponds, totes, pump-outs, etc.)",No,No,,Camp Beaverton,,,
2024/05/01 3:24:36 PM AST,40,650,150,30000,Tiered based on financial capability,Tax exempt organization - 501(c)(3),"Yes, informally","Water;Meals (at least 1 meal/day);Private Camper Lounge / Shade Structure;Shower;Power;Greywater Management (evap ponds, totes, pump-outs, etc.)",Yes - high power hookups (e.g. for RVs),No,Everyone works. No exceptions. Else it creates a different kind of class system ,The refuge,,,
2024/05/01 3:28:11 PM AST,25,800,800,15000,Flat Fee,Not incorporated,No,"Water;Meals (at least 1 meal/day);Private Camper Lounge / Shade Structure;Shower;Power;Equipment Transportation;Greywater Management (evap ponds, totes, pump-outs, etc.);Ice",,No,,,,,
2024/05/01 3:43:15 PM AST,70,700,,,Tiered based on participation or camp roles;Tiered based on financial capability,Not incorporated,"Yes, informally","Water;Meals (at least 1 meal/day);Private Camper Lounge / Shade Structure;Shower;Power;Equipment Transportation;Greywater Management (evap ponds, totes, pump-outs, etc.);MOOP Management;Ice",Yes - bike rentals;Yes - high power hookups (e.g. for RVs),Yes,,NYC Deli,,,
2024/05/01 3:57:50 PM AST,70,400,200-550,22000,Tiered based on participation or camp roles;Tiered based on time (closer to burn = more expensive),A fiscal sponsor e.g. Burner Network ,"Yes, informally","Water;Meals (at least 1 meal/day);Private Camper Lounge / Shade Structure;Shower;Power;Greywater Management (evap ponds, totes, pump-outs, etc.);MOOP Management",Yes - bike rentals,Maybe,,"New York Dangerous
Fiscal Sponsor is House of Good Deeds",200,550,
2024/05/01 3:58:49 PM AST,55,1450,500-3500,90000,Tiered based on financial capability;Tiered based on time (closer to burn = more expensive),Non-exempt organization (e.g. LLC without nonprofit status),"Yes, informally","Water;Meals (at least 1 meal/day);Private Camper Lounge / Shade Structure;Shower;Power;Booze;Equipment Transportation;Greywater Management (evap ponds, totes, pump-outs, etc.);MOOP Management;Ice",Yes - equipment transport;No,Yes,,node,500,3500,
2024/05/01 6:57:19 PM AST,75,550,450 - 750,65000,Tiered based on time (closer to burn = more expensive);Tiered based on financial capability,Non-exempt organization (e.g. LLC without nonprofit status),"Yes, informally",Water;Meals (at least 1 meal/day);Private Camper Lounge / Shade Structure;Shower;Booze,No,No,,,450,750,
2024/05/01 7:48:47 PM AST,85,300,300/PP + 275 per RV or Tent AC for power grid.  The grid is entirely voluntary.  ,28000,Flat Fee,Non-exempt organization (e.g. LLC without nonprofit status),"Yes, informally","Shower;Power;Greywater Management (evap ponds, totes, pump-outs, etc.)",Yes - high power hookups (e.g. for RVs),No,My camp is on hiatus but the 2024 numbers would be similar to 2023.  Responding to help provide data.  ,Cabana Club,,,
2024/05/01 9:42:16 PM AST,25,,250-650+,,Tiered based on financial capability,Not incorporated,No,Private Camper Lounge / Shade Structure;Power,Yes - food,Yes,"honestly - the more you know them / are part of the inner circle, the less you have to work or do anything but pay your dues and show up
Not tiered, more asking all campers to contribute as much as you can","Not saying exact name, but it’s an academic camp
Food extra 25-50",250,650,
2024/05/01 10:09:22 PM AST,150,225,150-300,,Flat Fee,Not incorporated,No,Meals (at least 1 meal/day);Shower,No,Maybe,,,150,300,
2024/05/01 11:16:11 PM AST,100,1000,1000,100000,Flat Fee;Tiered based on financial capability,Tax exempt organization - 501(c)(3),"Yes, informally","Water;Meals (at least 1 meal/day);Private Camper Lounge / Shade Structure;Shower;Power;Equipment Transportation;Greywater Management (evap ponds, totes, pump-outs, etc.);MOOP Management;Ice",No,No,We try to accommodate the financial situations for our high contributors . Have done RV hookups in the past,Alborz,,,TCO/campers as benefactor
2024/05/01 11:33:07 PM AST,80,70,,,Flat Fee,Not incorporated,No,"Water;Greywater Management (evap ponds, totes, pump-outs, etc.)",,No,,,,,
2024/05/02 12:27:46 AM AST,50,65,,,Tiered based on financial capability,Not incorporated,"Yes, informally","Shower;Booze;Equipment Transportation;Greywater Management (evap ponds, totes, pump-outs, etc.);Private Camper Lounge / Shade Structure",No,No,,Awesome(ville!),,,
2024/05/02 6:15:40 AM AST,40,750,,30000,Flat Fee,Not incorporated,"Yes, informally","Water;Meals (at least 1 meal/day);Private Camper Lounge / Shade Structure;Shower;Power;Booze;Greywater Management (evap ponds, totes, pump-outs, etc.)",,No,,Galactic Cruzaders,,,
2024/05/02 4:54:39 PM AST,24,200,,,Flat Fee,Not incorporated,"Yes, informally","Water;Private Camper Lounge / Shade Structure;Shower;Power;Booze;Greywater Management (evap ponds, totes, pump-outs, etc.);MOOP Management;Ice","Yes - capital improvements/infra (e.g. new shade structure, etc)",No,Super supremely chill - thank goodness! $150 required and anything else is just contributed to the fun!,,150,200,
2024/05/02 9:33:47 PM AST,35,350,250-550,,Tiered based on participation or camp roles;Tiered based on financial capability,Not incorporated,No,"Meals (at least 1 meal/day);Private Camper Lounge / Shade Structure;Shower;Power;Equipment Transportation;Greywater Management (evap ponds, totes, pump-outs, etc.);MOOP Management;Ice",,Maybe,"budgeting for a camp our size (30-40) is particularly tough, imo. storage, truck transport, yearly basics, necessary interactivity & infrastructure purchases, etc quickly max out our dues, with little room for New Cool Things — for which TCOs end up spending extra extra. as y’all know. tiered dues has helped these past couple years, because some folks do make a lot more than others. ",,250,550,TCO/campers as benefactor
2024/05/03 12:48:20 PM AST,,300,,,Flat Fee,Not incorporated,No,"Water;Meals (at least 1 meal/day);Private Camper Lounge / Shade Structure;Shower;Power;Booze;Equipment Transportation;Greywater Management (evap ponds, totes, pump-outs, etc.);MOOP Management;Ice",Yes - equipment transport;Yes - art projects,No,we got the honoraia !!!,sockdrawer ,,,
2024/05/03 7:46:34 PM AST,20,300,300,6000,Flat Fee,Not incorporated,"Yes, formally","Private Camper Lounge / Shade Structure;Shower;Power;Greywater Management (evap ponds, totes, pump-outs, etc.);MOOP Management",No,Maybe,,the Surge,,,
2024/05/03 9:56:44 PM AST,30,650,450-750,60000,Tiered based on participation or camp roles;Tiered based on time (closer to burn = more expensive),Non-exempt organization (e.g. LLC without nonprofit status),"Yes, informally","Water;Meals (at least 1 meal/day);Private Camper Lounge / Shade Structure;Shower;Power;Greywater Management (evap ponds, totes, pump-outs, etc.);MOOP Management;Ice",No,Yes,,,450,750,
2024/05/03 10:53:32 PM AST,23,50,We split gas. ,6000,"No required contribution, donations welcome",Not incorporated,"Yes, informally","Water;Private Camper Lounge / Shade Structure;Shower;Power;Equipment Transportation;Greywater Management (evap ponds, totes, pump-outs, etc.);MOOP Management",No,No,,Kinninigin Sound Culture ,,,
2024/05/04 1:07:15 PM AST,200,450,350-700,70000,Flat Fee,Tax exempt organization - 501(c)(3),"Yes, informally","Water;Private Camper Lounge / Shade Structure;Shower;Power;Booze;Greywater Management (evap ponds, totes, pump-outs, etc.);MOOP Management;Ice",Yes - high power hookups (e.g. for RVs),No,,,350,700,
2024/05/05 5:34:47 AM AST,250,"$5,000 ",,1000000,Flat Fee,Non-exempt organization (e.g. LLC without nonprofit status),,"Water;Meals (at least 1 meal/day);Shower;Power;Greywater Management (evap ponds, totes, pump-outs, etc.);Ice","Yes - tents;Yes - bike rentals;Yes - capital improvements/infra (e.g. new shade structure, etc)",Yes,,Secret :),,,
2024/05/05 10:10:18 AM AST,15,200,50-200,4000,Flat Fee;Tiered based on financial capability,Not incorporated,"Yes, informally","Private Camper Lounge / Shade Structure;Shower;Power;Equipment Transportation;Greywater Management (evap ponds, totes, pump-outs, etc.)","Yes - equipment transport;Yes - capital improvements/infra (e.g. new shade structure, etc)",No,Bikes are amenity,,50,2000,
2024/05/06 1:02:39 PM AST,,,,,,,"Yes, informally","Water;Private Camper Lounge / Shade Structure;Shower;Power;Equipment Transportation;Greywater Management (evap ponds, totes, pump-outs, etc.)",Yes - equipment transport,No,,Major Tom's Flying Circus,,,
2024/05/07 12:03:22 PM AST,50,325,,18000,Flat Fee,Tax exempt organization - 501(c)(3),"Yes, informally","Water;Meals (at least 1 meal/day);Private Camper Lounge / Shade Structure;Shower;Power;Greywater Management (evap ponds, totes, pump-outs, etc.)","Yes - art projects;Yes - capital improvements/infra (e.g. new shade structure, etc)",No,,Black Rock Observatory,,,
2024/05/07 1:50:13 PM AST,25,$300 ,$0 (scholarship) - $300,"$5,000 ",Flat Fee,Not incorporated,"Yes, informally",Meals (at least 1 meal/day);Private Camper Lounge / Shade Structure;Shower,"Yes - equipment transport;Yes - art projects;Yes - capital improvements/infra (e.g. new shade structure, etc);Yes - Scholarships",No,"Some people need a hand up and either a payment plan for dues or a waiver/scholarship. Some people don’t have money but bring a boatload of tools, shared resources and great energy. It doesn’t pay the bills, but it helps create the camp. 
We share one campers generator bc he was nice enough to let us. ",,0,300,
2024/05/09 1:07:16 AM AST,40,600,,40000,Flat Fee,Tax exempt organization - 501(c)(3),,"Water;Meals (at least 1 meal/day);Private Camper Lounge / Shade Structure;Shower;Power;Booze;Equipment Transportation;Greywater Management (evap ponds, totes, pump-outs, etc.);MOOP Management;Ice",,No,,,,,
2024/05/10 12:34:56 AM AST,80,325,,,Flat Fee,Not incorporated,No,Water;Meals (at least 1 meal/day);Shower;Booze;Ice,,No,,,,,
2024/05/10 5:37:00 PM AST,43,200,200-2000,60000,Tiered based on financial capability,Tax exempt organization - 501(c)(7),"Yes, formally","Water;Meals (at least 1 meal/day);Private Camper Lounge / Shade Structure;Shower;Power;Booze;Greywater Management (evap ponds, totes, pump-outs, etc.);Ice","Yes - tents; Yes - bike rentals;Yes - art projects;Yes - capital improvements/infra (e.g. new shade structure, etc)",No,,Future Turtles,200,2000,TCO/campers as benefactor
2024/05/10 5:37:00 PM AST,80,400,200-650,36000,Tiered based on financial capability,,"Yes, formally","Water;Meals (at least 1 meal/day);Private Camper Lounge / Shade Structure;Shower;Power;Greywater Management (evap ponds, totes, pump-outs, etc.)",Yes - high power hookups (e.g. for RVs),Maybe,,,200,650,